ã€è•ƒèŒ„ä¸»ç¾©ï½œå¹¸ç¦æ˜¯å¥½å¥½åƒä¸€é “é£¯ã€‘24å¹´é ç´„åˆ¶ç§å»šï¼Œé¦–æ¬¡æ¨å‡ºçš„å››æ¬¾ç¾©å¼é­”æ³•é†¬,https://www.zeczec.com/projects/pomodoro,è•ƒèŒ„ä¸»ç¾©,https://www.zeczec.com/users/IPreferIPrefer,8%,"NT$42,889","ç›®æ¨™ NT$500,000",25,45 å¤©,2022/03/16 20:00 â€“ 2022/04/30 23:59,2022/03/16 20:00:00,2022/04/30 23:59:00
ä»¥å°æå¤§ï¼è‚¯äºè¿ç››å¤ï¼ã€è‡ªçƒ˜å’–å•¡åº—å°ˆå±¬ç”Ÿè±†é›†è³‡è¨ˆç•«ã€‘,https://www.zeczec.com/projects/green-coffee-bean,å’–å•¡ç”Ÿè±†åˆä½œç¤¾è¨ˆç•«,https://www.zeczec.com/users/zhu-kai-an,0%,"NT$7,320","ç›®æ¨™ NT$3,000,000",1,31 å¤©,2022/03/16 18:00 â€“ 2022/04/16 23:59,2022/03/16 18:00:00,2022/04/16 23:59:00
ã€ Revopoint POP 2ï½œæ”œå¸¶å¼ 3D å…¨å½©é«˜ç²¾åº¦æƒæå„€ ã€‘0.05mm é«˜ç²¾åº¦å‡ç´šï¼Œå€‹äººåŒ–é€†å‘æƒæå»ºæ¨¡ç‹è€…å†é©æ–°ï¼,https://www.zeczec.com/projects/revopoint-pop-2,Revopoint 3D Taiwan,https://www.zeczec.com/users/revopoint-3d-taiwan,"2,190%","NT$2,190,347","ç›®æ¨™ NT$100,000",185,41 å¤©,2022/03/16 12:00 â€“ 2022/04/27 02:00,2022/03/16 12:00:00,2022/04/27 02:00:00
ã€å¾¡è—åƒé¤Šã€‘å…¨åŠŸèƒ½å¼•å°å‹é†£è‚½ç²¾è¯ï½œç´°èƒé ‚ç´šé»‘æ¾éœ²é†£è‚½ï¼Œ6å¹´åƒæ—¥é†±é…µç™¾ç¨®æ¤ç‰©ç²¾è¯ï½œè²´æ—é¤Šèº«è–å“ï¼,https://www.zeczec.com/projects/biozyme_ftge,å¤§æ¼¢é…µç´ ç”Ÿç‰©ç§‘æŠ€è‚¡ä»½æœ‰é™å…¬å¸,https://www.zeczec.com/users/biozyme,0%,NT$0,"ç›®æ¨™ NT$100,000",0,20 å¤©,2022/03/16 12:00 â€“ 2022/04/05 23:59,2022/03/16 12:00:00,2022/04/05 23:59:00
Sealito T2 ç„¡ç·šâˆè¼•å·§çœŸç©ºä¿é®®æ©Ÿï½œä¸€éµçœŸç©ºå°å£ï¼Œé–ä½æ–°é®®ç¾å‘³ï¼,https://www.zeczec.com/projects/sealito-t2,Sealito Taiwan,https://www.zeczec.com/users/sealito-taiwan,"1,269%","NT$1,269,328","ç›®æ¨™ NT$100,000",591,40 å¤©,2022/03/15 21:00 â€“ 2022/04/26 02:00,2022/03/15 21:00:00,2022/04/26 02:00:00
ã€ MORR | SEEgnal ç§»å‹•æ–¹å‘ç‡ˆ ã€‘LEDå‹•æ…‹æŒ‡ç¤ºç‡ˆï¼Œå®ˆè­·æ‚¨çš„é“è·¯å®‰å…¨!,https://www.zeczec.com/projects/morr-seegnal-led,MORR,https://www.zeczec.com/users/morr,16%,"NT$50,562","ç›®æ¨™ NT$300,000",26,49 å¤©,2022/03/15 20:00 â€“ 2022/05/04 23:59,2022/03/15 20:00:00,2022/05/04 23:59:00
PHILIPS å†·æš–å…©ç”¨ç„¡è‘‰é¢¨æ‰‡ï½œæ¯å¤©éƒ½æ˜¯æ™‚å°šé¢¨,https://www.zeczec.com/projects/PHILIPS_AHR5164FD,DoubleLife,https://www.zeczec.com/users/doublelife,320%,"NT$320,740","ç›®æ¨™ NT$100,000",27,29 å¤©,2022/03/15 12:00 â€“ 2022/04/14 23:59,2022/03/15 12:00:00,2022/04/14 23:59:00
ã€HANLINé‘½çŸ³æ™ºèƒ½èªéŸ³å®¶é›»é™æ§å™¨ã€‘äººäººå‹•å£ä¸å‹•æ‰‹ï¼å†·æ°£/é›»è¦–/éŸ³éŸ¿/é¢¨æ‰‡/æƒåœ°æ©Ÿå™¨äºº/æ©Ÿé ‚ç›’/å°å¤œç‡ˆ/ç©ºæ°£æ¸…æ·¨æ©Ÿ,https://www.zeczec.com/projects/smarthanlin,æ¼¢é›»ç§‘æŠ€ç”Ÿæ´»,https://www.zeczec.com/users/hanelectric,208%,"NT$104,002","ç›®æ¨™ NT$50,000",65,30 å¤©,2022/03/15 12:00 â€“ 2022/04/15 23:59,2022/03/15 12:00:00,2022/04/15 23:59:00
BalanceOn èœ‚å·¢å‡è† ã€é›™èƒŒã€è­·è„Šæ¤… â–ª å¯¦æ™‚æ”¯æ’æ‚¨çš„è„Šæ¤å’Œè…°éƒ¨ä¸¦æ¸›ç·©å£“åŠ›ï¼Œé”åˆ°ã€Œè…°æ¤åˆä¸€ã€ã€‚,https://www.zeczec.com/projects/balanceon-Dual-Fit-Chair,inco,https://www.zeczec.com/users/inco,293%,"NT$293,740","ç›®æ¨™ NT$100,000",87,48 å¤©,2022/03/15 11:00 â€“ 2022/05/03 23:59,2022/03/15 11:00:00,2022/05/03 23:59:00
æ—¥æœ¬è£½é€ ï½œç„¡éº©è³ª & ä½¿ç”¨ 100ï¼… åœ‹ç”¢ç±³è£½ä½œğŸ®åƒæˆ¿å¤§é˜ªç‡’ğŸ®åªè¦å¾®æ³¢ï¼•åˆ†é˜âœ‹,https://www.zeczec.com/projects/pchefooo,Chefooo,https://www.zeczec.com/users/chefooo,136%,"NT$27,206","ç›®æ¨™ NT$20,000",17,45 å¤©,2022/03/10 12:00 â€“ 2022/04/30 23:59,2022/03/10 12:00:00,2022/04/30 23:59:00
ã€åŸé£Ÿè‰¯å“-å†°æ™¶çƒã€‘å¯Œå«èƒºåŸºé…¸çš„å–‰ç³–ã€å£ä¸­ç›Šç”ŸèŒçš„åŸ¹é¤Šç’°å¢ƒï½œä¿è­·åŠ›çš„èƒ½é‡ä¾†è‡ªæ—¥å¸¸çš„å°å‹•ä½œï½œé˜²ç–«ç”±é«”å…§é–‹å§‹ï¼,https://www.zeczec.com/projects/icecrystalball,åŸé£Ÿè‰¯å“,https://www.zeczec.com/users/wei-zhong,1%,"NT$3,650","ç›®æ¨™ NT$300,000",5,24 å¤©,2022/03/09 12:00 â€“ 2022/04/09 23:59,2022/03/09 12:00:00,2022/04/09 23:59:00
åŠ æ‹¿å¤§å¸è¡€å…§è¤²å“ç‰ŒAisleï½œå…¨ä¸–ç•Œç¨å‰µåŠ é‡è¥¯å¢Šï½œæœçµ•ç¶“æœŸä¸å®‰,https://www.zeczec.com/projects/aisle,Aisleå¸è¡€å…§è¤²,https://www.zeczec.com/users/aisle,2%,"NT$2,358","ç›®æ¨™ NT$100,000",2,55 å¤©,2022/03/08 21:00 â€“ 2022/05/10 23:59,2022/03/08 21:00:00,2022/05/10 23:59:00
è¶…éŸ³æ³¢âš¡éš¨èº«æ¸…æ´—ç›’ï½œ99.9% æ½”æ·¨åŠ›ï¼Œè£œæ°§+ä¿æ¿•+æ¸…æ½”ï¼Œä¸€æ©Ÿåˆ°ä½ï¼,https://www.zeczec.com/projects/future-clean,Future Cleanâº,https://www.zeczec.com/users/future-clean,"2,663%","NT$2,663,003","ç›®æ¨™ NT$100,000",2116,33 å¤©,2022/03/08 20:00 â€“ 2022/04/19 02:00,2022/03/08 20:00:00,2022/04/19 02:00:00
Smio.V ç¾å¦å° V âœ¦ 4 in 1 æº«å†·ç·Šç·»æŒ‰æ‘©å„€ï¼Œåœ¨å®¶å°±èƒ½äº«å—çš„é ‚ç´š SPA èˆ’å£“ä¿é¤Šï¼,https://www.zeczec.com/projects/lisscode-smio-v,lisscode,https://www.zeczec.com/users/lisscode1,"3,782%","NT$3,782,481","ç›®æ¨™ NT$100,000",1702,26 å¤©,2022/03/08 12:00 â€“ 2022/04/11 23:59,2022/03/08 12:00:00,2022/04/11 23:59:00
meekee å®¶ç”¨ä¿é®®è§£å‡å™¨ï½œä¸å†ç­‰å¥½ä¹…ï¼Œæœ€å¿«é€Ÿçš„è§£å‡é«”é©—ï¼,https://www.zeczec.com/projects/meekee-thawing,è¦“å¥‡ç”Ÿæ´» meekee,https://www.zeczec.com/users/meekee-taiwan,187%,"NT$56,120","ç›®æ¨™ NT$30,000",36,30 å¤©,2022/03/08 12:00 â€“ 2022/04/15 23:59,2022/03/08 12:00:00,2022/04/15 23:59:00
ã€æ¬£èŠæ¨Ÿéˆã€‘æ¨ŸèŠ+éˆèŠ é›™æ•ˆè† å›Š â”‚ ç”¨åƒçš„å¥åº·ã€ŒèŠã€å·± éš¨èº«å¸¶ç”Ÿæ´»éœ€ã€ŒèŠã€ ,https://www.zeczec.com/projects/Ime-healthday-life,é•·é’å¯¶,https://www.zeczec.com/users/healthday,3%,"NT$3,050","ç›®æ¨™ NT$100,000",1,45 å¤©,2022/03/08 12:00 â€“ 2022/05/01 02:00,2022/03/08 12:00:00,2022/05/01 02:00:00
Arpha 3D äººè‡‰è¾¨è­˜æ™ºæ…§é›»å­é–ğŸ”“ | é™æ™‚é€æ™ºæ…§æ‰‹ç’°ğŸ”¥8in1é–‹é–ï¼Œå¤§è¢å¹•è²“çœ¼æŠ“æ‹ã€å°ç£ä¼ºæœå™¨ï¼Œæ™‚å°šç§‘æŠ€ç”Ÿæ´»ï¼Œå°±å¾å®¶é–€é–‹å§‹ï¼,https://www.zeczec.com/projects/arpha-3d,arpha x æœ‰è¨­è¨ˆ,https://www.zeczec.com/users/arphatw,"4,253%","NT$4,253,300","ç›®æ¨™ NT$100,000",276,37 å¤©,2022/03/08 10:00 â€“ 2022/04/22 23:59,2022/03/08 10:00:00,2022/04/22 23:59:00
"UW Watchesï¼šAEQUOREA,èˆ‡æ‚¨ä¸€åŒæ½›å…¥æ·±æµ·çš„æ‰‹éŒ¶",https://www.zeczec.com/projects/uw-watches-aequorea-the-diving-watch-to-go,è±å‰µå…¬ç¤¾æœ‰é™å…¬å¸,https://www.zeczec.com/users/uwwatches-aequorea,68%,"NT$20,400","ç›®æ¨™ NT$30,000",2,13 å¤©,2022/03/07 12:00 â€“ 2022/03/30 11:00,2022/03/07 12:00:00,2022/03/30 11:00:00
ã€å¥³ç¥èŒã€‘VGBIOè¶…èƒ½æ°´æ„Ÿç›Šç”ŸèŒï½œè£¡å¤–å…¼é¡§ã€ç”±å…§ç¾åˆ°å¤–ï¼Œæ•£ç™¼å¥³ç¥å…‰å½©,https://www.zeczec.com/projects/vgbio,ç¾ç«‹å›ºç”ŸæŠ€,https://www.zeczec.com/users/VGBIO,136%,"NT$40,804","ç›®æ¨™ NT$30,000",7,45 å¤©,2022/03/07 12:00 â€“ 2022/04/30 23:59,2022/03/07 12:00:00,2022/04/30 23:59:00
ã€æœµé£Ÿé¤ç›’ ã€‘ï½œä¸»é£Ÿé…èœåˆ†å¥½å¥½ã€è¼•é¬†äº«å—ç¾ä½³é¤š,https://www.zeczec.com/projects/tastelivingduoshicanhe,ç››é£Ÿè‰¯å“,https://www.zeczec.com/users/sheng-shi-liang-pin,0%,NT$0,"ç›®æ¨™ NT$1,500,000",0,35 å¤©,2022/03/04 17:00 â€“ 2022/04/20 23:59,2022/03/04 17:00:00,2022/04/20 23:59:00
â–‹å‰ä¸–è¨˜æ†¶é›·è«¾æ›¼ YG.Sï½œå…¨å°ç¬¬ä¸€å‰¯å°ç£äººè‡ªå·±ç¹ªè£½çš„é›·è«¾æ›¼ç‰Œå¡ â–‹è®€å–å‰ä¸–è¨˜æ†¶åŠ‡æƒ…æ¨æ¼”é›·è«¾æ›¼,https://www.zeczec.com/projects/memory-renoman,æ©å¨é¡§å•ç®¡ç†è‚¡ä»½æœ‰é™å…¬å¸,https://www.zeczec.com/users/crimsonhsu,484%,"NT$484,532","ç›®æ¨™ NT$100,000",299,21 å¤©,2022/03/04 12:00 â€“ 2022/04/07 02:00,2022/03/04 12:00:00,2022/04/07 02:00:00
100%ç„¡æ·»åŠ ã€ç„¡èª¿å‘³çš„å¯µç‰©é®®é£Ÿï¼ï½œã€Hi-Q petsã€‘ç©¶å¥åº·é®®é£Ÿé¤ è¬›ç©¶å¥åº·ä¸ç°¡å–®,https://www.zeczec.com/projects/hiqpets-freshmeal,Hi-Q pets ,https://www.zeczec.com/users/hiqpets,117%,"NT$23,474","ç›®æ¨™ NT$20,000",36,23 å¤©,2022/03/04 12:00 â€“ 2022/04/09 02:00,2022/03/04 12:00:00,2022/04/09 02:00:00
minibig - æ‰‹æŒ‡ä¸€æ»‘ï¼Œä¸€ç§’èºå‡æ™ºæ…§å±…å®¶ï¼Œå„ç¨®é–‹é—œèººè‘—ä¸€æ‰‹æ§åˆ¶ï¼ æ‡¶æƒ°æœ‰ç†ï¼Œæ™ºæ…§å‡ç´šã€‚,https://www.zeczec.com/projects/minibig,minibig,https://www.zeczec.com/users/minibig,"1,608%","NT$1,608,558","ç›®æ¨™ NT$100,000",848,28 å¤©,2022/03/03 20:00 â€“ 2022/04/14 02:00,2022/03/03 20:00:00,2022/04/14 02:00:00
ã€é™é‡ã€‘è‹—æ —å“è˜­ã€å°ç£ç™½è‰è“ã€åŸ¹è‚²è¨ˆç•«ï¼Œå“è˜­åœ¨åœ°20å¹´ç¶“é©—å°ˆæ¥­è‰è“åœ’ã€å°‹è¾²é«˜æ‰‹ã€‘,https://www.zeczec.com/projects/SBF-WhiteStrawberry,å°‹è¾²é«˜æ‰‹,https://www.zeczec.com/users/zhang-ri-rong,"2,595%","NT$51,900","ç›®æ¨™ NT$2,000",31,4 å¤©,2022/03/02 12:00 â€“ 2022/03/20 23:59,2022/03/02 12:00:00,2022/03/20 23:59:00
KiTiDOTæ¯›å­©äº’å‹•é …åœˆï¼Œ7å¤©è©¦ç©ï¼Œæ”¾å¿ƒä¸‹å–®ï¼Œä¸»å­èªªäº†ç®—ï¼,https://www.zeczec.com/projects/kitidot,Wicked Lab TW,https://www.zeczec.com/users/WickedLabTW,572%,"NT$57,275","ç›®æ¨™ NT$10,000",92,46 å¤©,2022/03/02 11:00 â€“ 2022/05/02 02:00,2022/03/02 11:00:00,2022/05/02 02:00:00
é‡‹æ”¾é›™æ‰‹çš„è² æ“” |æ—¥æœ¬ç¨å®¶å°ˆåˆ©SYANTO V-ringæ‰‹æ©ŸæŒ‡ç’° ,https://www.zeczec.com/projects/syanto-v-ring,Neo Choice ,https://www.zeczec.com/users/Neochoice,787%,"NT$236,370","ç›®æ¨™ NT$30,000",213,46 å¤©,2022/03/01 21:00 â€“ 2022/05/01 23:59,2022/03/01 21:00:00,2022/05/01 23:59:00
æ‰“å‹¾å§æ´—é«®çš‚ç³»åˆ— | éŸ“åœ‹é¦–æ¬¾æ¦®ç²é›™èªè­‰æ´—é«®çš‚å“ç‰Œï¼Œæœ‰æ•ˆæ”¹å–„é ­çš®æ²¹è„‚å’Œé ­çš®å±‘ï¼Œé ­çš®è‚Œè†šæ•æ„Ÿçš„äººä¹Ÿå¯ä»¥æ¯«ç„¡è² æ“”åœ°ä½¿ç”¨ï¼,https://www.zeczec.com/projects/donggubat-shampoo,aigoo æ„›è³¼,https://www.zeczec.com/users/DonggubatTaiwan,103%,"NT$31,098","ç›®æ¨™ NT$30,000",22,25 å¤©,2022/03/01 12:20 â€“ 2022/04/10 23:59,2022/03/01 12:20:00,2022/04/10 23:59:00
NOKIA E1200 ANC é ­æˆ´å¼ç„¡ç·šè—ç‰™é™å™ªè€³æ©Ÿï½œäº«å—å–§é¬§è£¡çš„å¯§éœ,https://www.zeczec.com/projects/NOKIA_E1200_ANC,DoubleLife,https://www.zeczec.com/users/doublelife,779%,"NT$779,962","ç›®æ¨™ NT$100,000",332,15 å¤©,2022/03/01 12:00 â€“ 2022/03/31 23:59,2022/03/01 12:00:00,2022/03/31 23:59:00
ATEN MicLIVEâ„¢ Podcast å¤šè²é“ AI æ•¸ä½æ··éŸ³æ•ˆæœå™¨ | å°ˆå±¬æ–¼ä½ çš„éš¨èº« Podcast è¡Œå‹•èª¿éŸ³å¸«,https://www.zeczec.com/projects/aten-miclive,ATEN Taiwan,https://www.zeczec.com/users/aten,173%,"NT$173,972","ç›®æ¨™ NT$100,000",29,15 å¤©,2022/03/01 12:00 â€“ 2022/03/31 23:59,2022/03/01 12:00:00,2022/03/31 23:59:00
SUNUO By Glolux å¤šåŠŸèƒ½å¯è¦–æ¡è€³æ£’ï½œç¨å‰µå¯ä¼¸ç¸®é¡é ­ï¼Œé«˜æ¸…ç•«ç´ ã€ç„¡äººæ©ŸèŠ¯ç‰‡ä¸æ‰åœ– ä¸€æ”¯æå®šå€‹äººæ¸…æ½”ï¼,https://www.zeczec.com/projects/glolux-find-x,æ¨‚è¶£è¡Œå‰µ,https://www.zeczec.com/users/lohaschain_2105,737%,"NT$147,420","ç›®æ¨™ NT$20,000",86,15 å¤©,2022/03/01 12:00 â€“ 2022/03/31 23:59,2022/03/01 12:00:00,2022/03/31 23:59:00
ã€MAKURAã€‘iimin å…¨æ—¥è£½æ¯›å·¾å¸ƒå¬°å…’é æ•(å‹•ç‰©æ¬¾) | 100%ç´”æ£‰ | åˆ†æ•£é ­éƒ¨å£“åŠ› | åå°è£½æ³• | å¯æ©Ÿæ´— | Qæ• | æ¶¼æ• | ç‹æ¨£ | å¬°å¹¼å…’æ• | åˆç¡æ•,https://www.zeczec.com/projects/iimin,Makura Baby,https://www.zeczec.com/users/wonder-movepower,5%,"NT$2,650","ç›®æ¨™ NT$50,000",1,15 å¤©,2022/03/01 12:00 â€“ 2022/03/31 23:59,2022/03/01 12:00:00,2022/03/31 23:59:00
ææ˜ éœğŸ’œ ä¸æ€è­°éŸ³æ¨‚å åœæ›¸å°ˆè¼¯ x é¬¼éˆç²¾å¡”ç¾… é è³¼ ,https://www.zeczec.com/projects/moonrize,ææ˜ éœ Moonrize ,https://www.zeczec.com/users/moonrize,278%,"NT$278,421","ç›®æ¨™ NT$100,000",163,21 å¤©,2022/03/01 11:00 â€“ 2022/04/06 23:59,2022/03/01 11:00:00,2022/04/06 23:59:00
ak SUPER S1 å‰µæ–°é›»å‹•ä¼¸ç¸®é£›æ©Ÿæ¯ï½œé¦–å‰µçƒ˜ä¹¾ é¡›è¦†å¤–è§€ æ™ºæ…§åŠ ç†±ï¼,https://www.zeczec.com/projects/ak-super-s1,SafariShip,https://www.zeczec.com/users/safariship,544%,"NT$272,100","ç›®æ¨™ NT$50,000",91,15 å¤©,2022/03/01 00:00 â€“ 2022/03/31 23:59,2022/03/01 00:00:00,2022/03/31 23:59:00
ã€Dr.Hughesä¼‘æ–¯ã€‘å°å¤§æŠ€è½‰æ¦®ç²ä¸–ç•Œå¤šåœ‹å°ˆåˆ©ï¼Œè§£æ±ºæ›´å¹´æœŸéª¨è³ªç–é¬†çš„å¯†ç¢¼ï¼Œå–ä¸€æ¯è®“ä½ æ‹¾å›é’æ˜¥é¢¨é‡‡ã€‚,https://www.zeczec.com/projects/dr-hughes,ä¼‘æ–¯ç”Ÿç‰©ç§‘æŠ€è‚¡ä»½æœ‰é™å…¬å¸,https://www.zeczec.com/users/hughesbiotech,245%,"NT$245,400","ç›®æ¨™ NT$100,000",108,15 å¤©,2022/02/28 12:00 â€“ 2022/03/31 23:59,2022/02/28 12:00:00,2022/03/31 23:59:00
wesmile ç¾é¡è¶…éŸ³æ³¢é›»å‹•ç‰™åˆ·æ´—è‡‰æ©Ÿ æˆ€æ„›ç²‰/ç´³å£«ç° è€æ˜¯é•·ç—˜ç—˜å—ï¼Ÿå¯èƒ½æ˜¯æ´—è‡‰æ²’æ´—ä¹¾æ·¨å–”ï¼,https://www.zeczec.com/projects/wesmile,èºæ°è‚¡ä»½æœ‰é™å…¬å¸,https://www.zeczec.com/users/yan-wo1,7%,"NT$7,449","ç›®æ¨™ NT$100,000",3,46 å¤©,2022/02/28 00:00 â€“ 2022/05/01 23:59,2022/02/28 00:00:00,2022/05/01 23:59:00
ä¸€ä»¶ï¼ˆã€€ã€€ï¼‰è¡£æœï¼Œç”±è‡ªå·±å®šç¾© ï½œ NO ANSWER.,https://www.zeczec.com/projects/nat01,no answer,https://www.zeczec.com/users/no-answer,46%,"NT$4,680","ç›®æ¨™ NT$10,000",6,15 å¤©,2022/02/27 21:00 â€“ 2022/03/31 23:59,2022/02/27 21:00:00,2022/03/31 23:59:00
ä¸€å¥—å°ˆç‚ºæ—…è¡Œè€…è¨­è¨ˆçš„è­·è†šæ—…è¡Œçµ„åˆ,https://www.zeczec.com/projects/trafiti-travelkits,Trafiti_JLC,https://www.zeczec.com/users/trafiti,18%,"NT$1,849","ç›®æ¨™ NT$10,000",2,12 å¤©,2022/02/25 20:00 â€“ 2022/03/28 23:59,2022/02/25 20:00:00,2022/03/28 23:59:00
ã€æ²–ç¹©ç”˜è”—ã®æ—¥æœ¬ä¸¹å¯§ã€‘SHIMA DENIM WORKSä½¿ç”¨æ²–ç¹©è”—æ¸£è£½æˆç¨å®¶é“å¾·å¸ƒæ–™çš„ä¸¹å¯§æœé£¾å’Œé…ä»¶ï¼Œå°ç£é¦–ç™»å ´,https://www.zeczec.com/projects/shima-denim-works,SHIMA DENIM WORKS,https://www.zeczec.com/users/ShimaDenimWorks,36%,"NT$11,000","ç›®æ¨™ NT$30,000",3,4 å¤©,2022/02/25 12:00 â€“ 2022/03/20 23:59,2022/02/25 12:00:00,2022/03/20 23:59:00
ã€é›™æ•ˆåˆä¸€ã€‘HEPA éæ¿¾ï¼‹UVC æ®ºèŒï¼æœ€ä¹¾æ·¨çš„ç©ºæ°£ - MagComb é†«ç™‚ç´šç©ºæ°£æ®ºèŒæ©Ÿ,https://www.zeczec.com/projects/magcomb,MagComb Taiwan,https://www.zeczec.com/users/magcomb,700%,"NT$700,097","ç›®æ¨™ NT$100,000",111,28 å¤©,2022/02/24 20:00 â€“ 2022/04/14 02:00,2022/02/24 20:00:00,2022/04/14 02:00:00
InPure è’¸èˆ’å£ºï½œä¸€å£ºæŠµäº”å°ï¼çµåˆé›»ç«é‹ã€å¿«ç…®å£ºã€èˆ’è‚¥æ©Ÿã€å„ªæ ¼æ©Ÿçš„è‡ªç…®ç¥å™¨ï¼è‡ªç…®ï¼Œè®“ç”Ÿæ´»æ›´é¤Šç”Ÿå¥åº·ï¼,https://www.zeczec.com/projects/sufupot,Inpure,https://www.zeczec.com/users/lnPure,"1,266%","NT$633,320","ç›®æ¨™ NT$50,000",234,15 å¤©,2022/02/22 21:00 â€“ 2022/03/31 23:59,2022/02/22 21:00:00,2022/03/31 23:59:00
è¾£è¦ºç¾å­¸å…¨æ„Ÿæ–°é«”é©—-æŒ‘é£Ÿ/é‡‘æ²™è¾£æ¤’é†¬,https://www.zeczec.com/projects/pickiesfood,æŒæ“ä¹‹å®¶,https://www.zeczec.com/users/hero613402,100%,"NT$20,150","ç›®æ¨™ NT$20,000",21,35 å¤©,2022/02/22 20:00 â€“ 2022/04/20 23:59,2022/02/22 20:00:00,2022/04/20 23:59:00
ã€Šå°åŒ—å¸‚ç«‹æ£’çƒå ´ã€‹ç¬¬ä¸‰å­£å‹Ÿè³‡è¨ˆç•«,https://www.zeczec.com/projects/tmbs-s3,å°åŒ—å¸‚ç«‹æ£’çƒå ´,https://www.zeczec.com/users/wang-qi-en,142%,"NT$450,298","ç›®æ¨™ NT$317,079",350, 5 å°æ™‚,2022/02/18 20:00 â€“ 2022/03/17 14:30,2022/02/18 20:00:00,2022/03/17 14:30:00
å¾·åœ‹QPlayã€Honeycombç‚«å…‰æŠ˜ç–Šæ»‘æ¿è»Šã€‘ä¸‰æ®µå¼è…³è¸æ¿ç™¼å…‰è¨­è¨ˆï¼ŒäºŒè¼ªæ”¶ç´å‹æ»‘æ¿è»Šï¼Œè®“å­¸ç«¥é…·ç‚«æ»‘è¡Œ~,https://www.zeczec.com/projects/honeycomb,QPlay Taiwan,https://www.zeczec.com/users/JING-FONG,11%,"NT$11,880","ç›®æ¨™ NT$100,000",6,25 å¤©,2022/02/18 12:00 â€“ 2022/04/11 02:00,2022/02/18 12:00:00,2022/04/11 02:00:00
ã€Ondaæ±ªé”-ä»¿ç”Ÿé‡‘æ‰‹æŒ‡æŒ‰å£“æ»‘å‹•-Gé»æŒ‰æ‘©æ£’(ç¶ æ‰‹æŒ‡)ã€‘ï½œç¾åœ‹æƒ…è¶£ç¬¬ä¸€å“ç‰Œé¦–åº¦åœ¨å°ä¸Šå¸‚ï½œ2022æœ€å¼·å¥³æ€§Gé»(ç”·æ€§Pé»)é«˜æ½®ç¥å™¨ï¼è‹±åœ‹ç¬¬ä¸€è¶…æ¨¡å¡æ‹‰ï¼šä¿è­‰è®“ä½ å€‘é«˜æ½®é€£é€£ï¼,https://www.zeczec.com/projects/lora-dicarlo-onda-g, ç¾åœ‹Lora DiCarloè˜¿æ‹‰-æƒ…è¶£ä»¿ç”Ÿå¾®å‹æ©Ÿå™¨äºº å°ç£ç¶“éŠ·å•† æ¨¡ç‰¹æ›¸å…¬å¸,https://www.zeczec.com/users/model101,"7,166%","NT$716,680","ç›®æ¨™ NT$10,000",164, 14 å°æ™‚,2022/02/17 20:30 â€“ 2022/03/17 23:59,2022/02/17 20:30:00,2022/03/17 23:59:00
ã€å…¨æ–°å…©æ¬¾ã€‘é›²ç±³ eyeLink äº”åˆä¸€æ™ºæ…§é–€é–ï½œè®“å›å®¶æœ€å¾Œä¸€å“©è·¯å®‰å…¨åˆè¿…é€Ÿ,https://www.zeczec.com/projects/eyelink,é›²ç±³ Viomi,https://www.zeczec.com/users/viomi,"1,513%","NT$1,513,600","ç›®æ¨™ NT$100,000",106,20 å¤©,2022/02/17 20:00 â€“ 2022/04/06 02:00,2022/02/17 20:00:00,2022/04/06 02:00:00
KT STORYéŸ“åœ‹å¥³å©¿ï½œ å› ç‚ºå¯¦åœ¨å¤ªå¥½åƒï¼èºå‹•çš„å¤§å®¶å¸Œæœ›æˆ‘å€‘ä¸€å®šè¦ä¸Šå¸‚çš„éŸ“åœ‹â€œäººç”Ÿæ³¡èœâ€,https://www.zeczec.com/projects/hanmikimchi,éŸ“å‘³æ³¡èœ,https://www.zeczec.com/users/hanmikimchi,827%,"NT$827,581","ç›®æ¨™ NT$100,000",763,17 å¤©,2022/02/17 18:30 â€“ 2022/04/02 23:59,2022/02/17 18:30:00,2022/04/02 23:59:00
ç ´åƒäººæ”¯æŒğŸ“£ basiiK å¾®ç”Ÿè‡ªå¾‹å¾ªç’°æ´—è­·ç³»åˆ—ï½œå°ˆç‚ºäºæ´²äººé«®è†šæ‰“é€  é ­çš®æ·¨åŒ–èª¿ç†æ–°å°ç­–,https://www.zeczec.com/projects/basiik,Kevinè€å¸«,https://www.zeczec.com/users/le-fu-li,"2,151%","NT$2,151,686","ç›®æ¨™ NT$100,000",1034, 16 å°æ™‚,2022/02/17 12:00 â€“ 2022/03/18 02:00,2022/02/17 12:00:00,2022/03/18 02:00:00
MiWhole è² é›¢å­ç©ºæ°£æ¸…æ·¨æ©Ÿï½œæˆ‘çš„ç¶ è‰²å‘¼å¸ - 100%æ·¨åŒ–ï¼Œè² é›¢å­é™¤èŸæ®ºèŒé˜²éæ•ï¼Œæ‰“é€ æ¸…æ–°å¥½ç©ºæ°£ï¼,https://www.zeczec.com/projects/miwhole-cp-cadr-550,ç¿æ¿¬åœ‹éš›,https://www.zeczec.com/users/Regency,"1,057%","NT$940,140","ç›®æ¨™ NT$88,888",158,15 å¤©,2022/02/17 12:00 â€“ 2022/03/31 23:59,2022/02/17 12:00:00,2022/03/31 23:59:00
Bardâ€™s Whisper å“¥å¾·å§‹æºéŒ¶ã€Œè–å–¬æ²»èˆ‡é¾ã€ï½œ èª•ç”Ÿæ–¼å°ç£çš„å“¥å¾·å¼æ©Ÿæ¢°éŒ¶,https://www.zeczec.com/projects/bardswhisper-sanctus-georgius-and-dragon,åŸéŠè©©äººçš„å‘¢å–ƒ,https://www.zeczec.com/users/bardswhisper,747%,"NT$1,495,500","ç›®æ¨™ NT$200,000",45,31 å¤©,2022/02/16 20:00 â€“ 2022/04/16 23:59,2022/02/16 20:00:00,2022/04/16 23:59:00
TailHigh 2åˆ1 å¯µç‰©èƒ¸èƒŒå¸¶ï½œç‰½ç¹©å°±åœ¨èƒŒå¸¶è£¡ï¼Œä¸ç”¨æ“”å¿ƒæä¸Ÿå•¦ !,https://www.zeczec.com/projects/tailhigh-2-1,TailHigh,https://www.zeczec.com/users/tailhigh,"1,092%","NT$218,513","ç›®æ¨™ NT$20,000",93,4 å¤©,2022/02/16 12:00 â€“ 2022/03/21 02:00,2022/02/16 12:00:00,2022/03/21 02:00:00
æ„›åƒé¤…ä¹¾çš„äºåŠ›è·Ÿæ‚¨ä¸€èµ·åˆ†äº«å¥½åƒçš„æ‰‹å·¥é¤…ä¹¾,https://www.zeczec.com/projects/cpa-sweet,é…¥è è˜¿æ–¹èˆŸç”œé» ,https://www.zeczec.com/users/cpa-sweet,663%,"NT$33,170","ç›®æ¨™ NT$5,000",12,29 å¤©,2022/02/16 12:00 â€“ 2022/04/15 21:00,2022/02/16 12:00:00,2022/04/15 21:00:00
èŠè‚²é»å¿ƒèˆ–-é£Ÿè‚²å­¸ç¿’å·¥å…·çµ„ | 30-60åˆ†é˜è¦ªå­é»å¿ƒæ‰‹ä½œDIY ,https://www.zeczec.com/projects/fookit,èŠè‚²é»å¿ƒé‹ª,https://www.zeczec.com/users/fookitfookit,556%,"NT$278,058","ç›®æ¨™ NT$50,000",52,4 å¤©,2022/02/15 20:00 â€“ 2022/03/20 23:59,2022/02/15 20:00:00,2022/03/20 23:59:00
iQmaxÂ® çŸ³å¢¨çƒ¯åŠ ç†±èƒŒå¿ƒ â€“ è¨­è¨ˆå¸«è¯åæ¬¾ | å²ä¸Šç¬¬ä¸€ä»¶è‚©é ¸ç†±æ•·ç™¼ç†±è¡£,https://www.zeczec.com/projects/iQmax-Graphene-Heated-Vest,iQmax,https://www.zeczec.com/users/AFC,220%,"NT$110,454","ç›®æ¨™ NT$50,000",37,15 å¤©,2022/02/15 18:30 â€“ 2022/03/31 23:59,2022/02/15 18:30:00,2022/03/31 23:59:00
ã€Casada-designå‹•åŠ›ä¹‹éŸ³-é‡é‡‘å±¬æ’æ°£ç®¡éŸ³éŸ¿ã€‘è¶…è¶Šä¿æ™‚æ·è·‘è»Šç²¾å“ã€å»ºç«‹è‡ªæˆ‘å“å‘³ä¸èƒ½éŒ¯éçš„æ¥µè‡´è—å“,https://www.zeczec.com/projects/casadadesign,Casada Design,https://www.zeczec.com/users/CasadaDesign,2%,"NT$28,000","ç›®æ¨™ NT$1,000,000",1,32 å¤©,2022/02/15 15:00 â€“ 2022/04/17 23:59,2022/02/15 15:00:00,2022/04/17 23:59:00
HYBRO H500 è¶…ç´šé›»å‹•èºçµ²èµ·å­ | éŸ“åœ‹è£½ ã€ èµ·å­ç•Œçš„å°ˆå®¶,https://www.zeczec.com/projects/hybro-h500,The Hive Taiwan,https://www.zeczec.com/users/thehive,"3,364%","NT$1,009,230","ç›®æ¨™ NT$30,000",697, 16 å°æ™‚,2022/02/15 12:00 â€“ 2022/03/18 02:00,2022/02/15 12:00:00,2022/03/18 02:00:00
 ã€ Philips | æ™ºæ…§æº«æ§éæ¿¾é£²æ°´æ©Ÿ ADD5980 ã€‘æ­è¼‰ Micro X-Clean å¤šé‡éæ¿¾ç³»çµ±ã€5 ç§’ç¬ç†±ã€8Â°C å†°æ°´ã€2 å¹´ä¿å›ºï¼,https://www.zeczec.com/projects/philips-water,Philips,https://www.zeczec.com/users/philips-water,"9,343%","NT$9,343,293","ç›®æ¨™ NT$100,000",1220,6 å¤©,2022/02/15 12:00 â€“ 2022/03/23 02:00,2022/02/15 12:00:00,2022/03/23 02:00:00
ä¸€ç”©å³ä¹¾æ©Ÿèƒ½é•·ç‰ˆé¢¨è¡£ï½œå¤–è¡¨é¡å€¼é«˜å…§åœ¨æ›´æœ‰æ–™ï¼,https://www.zeczec.com/projects/longtrenchcoat,Cheers To Your Youth,https://www.zeczec.com/users/CheersToYourYouth,874%,"NT$174,880","ç›®æ¨™ NT$20,000",46,13 å¤©,2022/02/15 10:00 â€“ 2022/03/30 00:00,2022/02/15 10:00:00,2022/03/30 00:00:00
ã€å…‹åœå‹’ï½œæ¸›å£“èƒŒåŒ…ã€‘æ—¥æœ¬FIXTOTE é–‹ç™¼è¨­è¨ˆè§£æ±ºæ‰˜ç‰¹åŒ…ç—›é»çš„å¤šç”¨é€”èƒŒåŒ…,https://www.zeczec.com/projects/fixtote-kepler,FIXTOTE,https://www.zeczec.com/users/fixtoteJP,39%,"NT$19,960","ç›®æ¨™ NT$50,000",4, 38 å°æ™‚,2022/02/14 20:00 â€“ 2022/03/18 23:59,2022/02/14 20:00:00,2022/03/18 23:59:00
SFSæ¨™æº–è¨“ç·´å‹æ³³è£ï½œæ°´ä¸‹åˆèº« X æ°´ä¸Šèˆ’é©ï¼Œåšç£…ã€è€ç£¨ã€é«˜å½ˆæ€§å°ˆæ¥­è¨“ç·´æ³³è£ï¼,https://www.zeczec.com/projects/SFS,ç™¾äº‹å¾—ä¼æ¥­æœ‰é™å…¬å¸,https://www.zeczec.com/users/SFS,107%,"NT$10,740","ç›®æ¨™ NT$10,000",7,45 å¤©,2022/02/14 20:00 â€“ 2022/05/01 02:00,2022/02/14 20:00:00,2022/05/01 02:00:00
"ã€Šlittle me, little trip åŒ—æ­ä¸€äººæ—…æ—¥è¨˜ã€‹æ–°æ›¸å‹Ÿè³‡è¨ˆç•«",https://www.zeczec.com/projects/little_me_little_trip,dato,https://www.zeczec.com/users/datorick,274%,"NT$1,371,188","ç›®æ¨™ NT$500,000",1497,3 å¤©,2022/02/10 20:00 â€“ 2022/03/19 23:59,2022/02/10 20:00:00,2022/03/19 23:59:00
ã€å¸¸ç›Šæ• ALLEMUNE èª¿æ•´é«”è³ªç›Šç”ŸèŒã€‘å°ˆç‚ºå„ç¨®æ•å¼±ä¸èˆ’æœè€Œç ”ç™¼çš„æœ€ä½³ç›Šç”ŸèŒ,https://www.zeczec.com/projects/allemune,å®‰å„·çˆ¾,https://www.zeczec.com/users/ALLEMUNE,805%,"NT$241,740","ç›®æ¨™ NT$30,000",49,8 å¤©,2022/02/10 12:00 â€“ 2022/03/25 02:00,2022/02/10 12:00:00,2022/03/25 02:00:00
è§£é–ç¶­ä¿® DIY çš„æ‰€æœ‰ç–‘é›£é›œç—‡ ã€Œ 120 in 1 æ¥µè¼•è¬ç”¨é›»å‹•èºçµ²ç­†ã€,https://www.zeczec.com/projects/HORIZONARROW,Neo Choice ,https://www.zeczec.com/users/Neochoice,721%,"NT$721,077","ç›®æ¨™ NT$100,000",310,15 å¤©,2022/02/09 21:00 â€“ 2022/03/31 23:59,2022/02/09 21:00:00,2022/03/31 23:59:00
FASCOOK | 2022å…¨æ–°å‡ç´šå¤©ç„¶ç¤¦å²©ä¸æ²¾é‹-ç¬¬ä¸€å€‹ç”±å¤©ç„¶æ¤ç‰©å’Œç¤¦ç‰©çµåˆçš„ä¸æ²¾å¡—å±¤,https://www.zeczec.com/projects/Fascook-Natura,Fascook Natura,https://www.zeczec.com/users/fascook-natura,12%,"NT$12,029","ç›®æ¨™ NT$100,000",11,26 å¤©,2022/02/09 21:00 â€“ 2022/04/11 23:59,2022/02/09 21:00:00,2022/04/11 23:59:00
ã€Eå€‹å°å¢Šå¢Šã€‘åŒ—æ­é¢¨å“å‘³/åš´é¸é…è‰²/æŠ—èŒç„¡æ¯’/å¥½æ´—ç’°ä¿éš”ç†±å¢Š,https://www.zeczec.com/projects/E-Mattie,æ„›å€å¤šåœ‹éš›è‚¡ä»½æœ‰é™å…¬å¸,https://www.zeczec.com/users/expertgel,30%,"NT$12,153","ç›®æ¨™ NT$40,000",34,24 å¤©,2022/02/08 20:00 â€“ 2022/04/09 23:59,2022/02/08 20:00:00,2022/04/09 23:59:00
ã€ShuaYa æŸ”æ“éŸ³æ³¢éœ‡å‹•ç‰™åˆ·ã€‘5å¹´å…§åŸå» ç‰™åˆ·é ­å…è²»é€(å˜–å˜–é™å®š),https://www.zeczec.com/projects/ShuaYa,ShuaYaTaiwan,https://www.zeczec.com/users/xu-sheng-yun,28%,"NT$28,920","ç›®æ¨™ NT$100,000",19,15 å¤©,2022/01/30 00:00 â€“ 2022/03/31 23:59,2022/01/30 00:00:00,2022/03/31 23:59:00
ğ— ğ—¢ğ—­ğ—§ğ—˜ğ—–ğ—›Â® å†°å…‰æ·¨è†šå„€ | èƒ½å¤ åœ¨å®¶é™¤æ¯›ï¼ä½•å¿…å»ç¾å®¹ï¼Ÿ | DIYå±…å®¶é™¤æ¯› | å†°æ„Ÿèˆ’ç·©ç—›æ„Ÿ,https://www.zeczec.com/projects/ICHR,MOZTECH å¢¨å­ç§‘æŠ€,https://www.zeczec.com/users/MOZTECH,"4,143%","NT$4,143,556","ç›®æ¨™ NT$100,000",624,,2022/01/25 12:00 â€“ 2022/03/16 02:00,2022/01/25 12:00:00,2022/03/16 02:00:00
é›²ç±³ 26L æ™ºæ…§è’¸æ°£çƒ˜çƒ¤çˆï½œ8 åˆ 1 å…¨æ©Ÿå‹åˆä¸€ï¼Œè’¸æ°£ï¼çƒ¤ç®±é›™æ¨¡å¼è‡ªç”±è®Šæ›ï¼Œæœ€å¼·å»šæˆ¿å¹«æ‰‹èª•ç”Ÿ,https://www.zeczec.com/projects/viomisteam,é›²ç±³ Viomi,https://www.zeczec.com/users/ai6,"2,697%","NT$2,697,580","ç›®æ¨™ NT$100,000",300,8 å¤©,2022/01/25 11:00 â€“ 2022/03/25 02:00,2022/01/25 11:00:00,2022/03/25 02:00:00
ã€å¢Šå¢Šäº”éŒ¢ã€‘å¥½é‹æ¯å¢Šï½œã€Œå¯¦ç”¨ã€çš„å¥½é‹æ“ºé£¾,https://www.zeczec.com/projects/Lucky-Coaster,æš«å®š TBD,https://www.zeczec.com/users/tbd,116%,"NT$103,237","ç›®æ¨™ NT$88,888",49,7 å¤©,2022/01/25 11:00 â€“ 2022/03/24 02:00,2022/01/25 11:00:00,2022/03/24 02:00:00
ã€Norinori æ©«å¼é•·æ¢ç¶²çœ¼ç„šç«å° ã€‘æ—¥æœ¬ä¸‰å€‹æœˆç†±éŠ· 500å°ï¼Œè¼•é‡ã€è€é‡ã€è€ä¹…ï¼Œè®“æ‚¨çš„æˆ¶å¤–ç”Ÿæ´»æ›´æœ‰è¶£ï¼,https://www.zeczec.com/projects/norinori-2022,Fabridge,https://www.zeczec.com/users/fabridge,26%,"NT$26,798","ç›®æ¨™ NT$100,000",3,5 å¤©,2022/01/21 12:00 â€“ 2022/03/21 23:59,2022/01/21 12:00:00,2022/03/21 23:59:00
ã€éœ¹é‚å–µ-æ­¦æ—è²“å¤§æœƒã€‘éœ¹é‚å¸ƒè¢‹æˆ²è²“è²“æ‰‹æŒ‡å¶å…¬ä»”ï½œæ•´å€‹æ­¦æ—éƒ½åœ¨ä½ çš„æ‰‹ä¸­ï¼,https://www.zeczec.com/projects/PILI-Meow-Cat-Fight-Championship,Too Cheap Art,https://www.zeczec.com/users/too-cheap-art,170%,"NT$341,420","ç›®æ¨™ NT$200,000",249, 14 å°æ™‚,2022/01/20 21:00 â€“ 2022/03/17 23:59,2022/01/20 21:00:00,2022/03/17 23:59:00
ã€åœ–çˆ¾ç”Ÿæ´» Tours Dailyï½œç´…ç‰ç’ƒ æ™¶è—æ±‚ç²¾è¯åç¦®ç›’ã€‘å°‡æº«è£œæ»´é›ç²¾å€’å…¥åŒ äººæ‰‹å·¥é›™å±¤ç»ç’ƒæ¯ä¸­ï¼Œè®“æ­¤æ™‚æ­¤åˆ»æ›´è²¼è¿‘ä½ çš„ç¾å¥½å¿ƒæ„ï¼,https://www.zeczec.com/projects/ToursDaily_Gift,åœ–çˆ¾ç”Ÿæ´» Tours Daily,https://www.zeczec.com/users/toursdaily,104%,"NT$2,600","ç›®æ¨™ NT$2,500",1,15 å¤©,2022/01/20 20:30 â€“ 2022/03/31 23:59,2022/01/20 20:30:00,2022/03/31 23:59:00
ã€ˆTrusonus TE-03ï½œä½ çš„ç¿»è­¯æ©Ÿä¹Ÿæ˜¯è—ç‰™è€³æ©Ÿã€‰ç¿»è­¯ 101ç¨®èªè¨€ 43 ç¨®èªç³»ï¼Œç¿»è­¯è¶…é †æš¢ï¼,https://www.zeczec.com/projects/trusonus-te-03-101-43,Trusonus Taiwan,https://www.zeczec.com/users/trusonus-taiwan,"5,398%","NT$539,891","ç›®æ¨™ NT$10,000",175,12 å¤©,2022/01/20 12:00 â€“ 2022/03/29 02:00,2022/01/20 12:00:00,2022/03/29 02:00:00
ï½¢Z Coat ç§’é–‹é¢¨é›¨è¡£ï½£ ä¸€ç§’æ‰“é–‹ã€å…©æ­¥è‘—è£ã€ä¸‰æŠ˜è‡ªé«”æ”¶ç´/ä¸åªæ˜¯é›¨è¡£ï¼Œä¹Ÿæ˜¯æ™‚å°šå–®å“!,https://www.zeczec.com/projects/z-coat,HILLI ,https://www.zeczec.com/users/lin-wen-qian--2,"12,140%","NT$3,642,044","ç›®æ¨™ NT$30,000",1650, 16 å°æ™‚,2022/01/11 20:00 â€“ 2022/03/18 02:00,2022/01/11 20:00:00,2022/03/18 02:00:00
Haier æµ·çˆ¾å…¨æ·¨åŒ–æµ·è±šç¬ç†±æ·¨æ°´å™¨ | æ»´æ»´ç´”æ·¨ï¼Œè‡ªåœ¨æš–å¿ƒ,https://www.zeczec.com/projects/haierwd252b,Haier Taiwan,https://www.zeczec.com/users/haiertaiwan,"4,422%","NT$4,422,052","ç›®æ¨™ NT$100,000",615,,2022/01/11 12:00 â€“ 2022/03/16 02:00,2022/01/11 12:00:00,2022/03/16 02:00:00
å¹¼å…’å‹•åŠ›ç©æœ¨æ•™è‚²å¥—è£ â”€ STEAMäººæ‰å¾å¹¼å…’åŸ¹é¤Š,https://www.zeczec.com/projects/CHANARTOY2,æ˜Œå…’,https://www.zeczec.com/users/chanar,899%,"NT$449,849","ç›®æ¨™ NT$50,000",214,15 å¤©,2022/01/11 11:00 â€“ 2022/03/31 23:59,2022/01/11 11:00:00,2022/03/31 23:59:00
ã€æ¤…ç ”å®¤ Chair Lab 6Däººé«”å·¥å­¸æ¤…ã€‘éŸ“åœ‹è£½ | å…¨ç¶²æ ¼äººé«”å·¥å­¸æ¤… CP å€¼æœ€ä½³é¦–é¸ !,https://www.zeczec.com/projects/chairlab-6d,Chair Lab æ¤…ç ”å®¤,https://www.zeczec.com/users/chairlab,"2,119%","NT$1,271,600","ç›®æ¨™ NT$60,000",163, 16 å°æ™‚,2022/01/06 12:00 â€“ 2022/03/18 02:00,2022/01/06 12:00:00,2022/03/18 02:00:00
ã€ä¸–ç•Œç¬¬ä¸€æ¬¾ï½œé¦¬å…‹æ¯å°ˆç”¨æ¿¾æ¯ã€‘ æ‰‹æ²–çš„å°ç¢ºå¹¸ï¼Œé‡æ–°é«”æœƒå’–å•¡åŸæ·¬ï¼Œéš¨æ™‚ä¾†æ¯å¥½å’–å•¡ï¼,https://www.zeczec.com/projects/zenclassic-porous-ceramic,Zenclassicæˆ€å…‹è¥¿,https://www.zeczec.com/users/zenclassic1911,"2,139%","NT$359,490","ç›®æ¨™ NT$16,800",367,6 å¤©,2022/01/05 12:00 â€“ 2022/03/23 02:00,2022/01/05 12:00:00,2022/03/23 02:00:00
éˆ¦ç£æ¯ï½œGR1 ç´”éˆ¦æ‰“é€ ï¼Œæ‰¿è¼‰æ‰€æœ‰é£²å“çš„æ¸¯ç£ï¼,https://www.zeczec.com/projects/tai-wan-bei,éˆ¦è¬å¾· TIWONDER,https://www.zeczec.com/users/tiwonder,"1,337%","NT$6,688,923","ç›®æ¨™ NT$500,000",2002,22 å¤©,2021/12/28 12:30 â€“ 2022/04/08 15:00,2021/12/28 12:30:00,2022/04/08 15:00:00
Zdeer è’¸æ±½è¶³æµ´ SPA æ©Ÿ | åç§’ç¬æš–ã€ä¼¸è…³å³è’¸ï¼Œæº«ç†±é¤Šè¶³ã€Œè’¸ã€å®¹æ˜“,https://www.zeczec.com/projects/zdeer-spa,Zdeer Taiwan,https://www.zeczec.com/users/zdeer-taiwan,"3,736%","NT$3,736,103","ç›®æ¨™ NT$100,000",851,,2021/12/28 12:00 â€“ 2022/03/16 02:00,2021/12/28 12:00:00,2022/03/16 02:00:00
ã€è™å¹´è³ºå¤§éŒ¢ã€‘æ˜¥ç¯€æœ€ä½³ä¼´æ‰‹ç¦®ï¼æ‹›è²¡ç¥ç¸ã€Œæ¢å‰ã€éœ¸æ°£ç™»å ´ï¼é–‹é‹è²¡æºæ»¾æ»¾ä¾†,https://www.zeczec.com/projects/earnmoney,æ¢å‰ï¼ä½ çš„æ‹›è²¡ç¥ç¸,https://www.zeczec.com/users/earnmoney,245%,"NT$245,160","ç›®æ¨™ NT$100,000",86, 14 å°æ™‚,2021/12/20 21:00 â€“ 2022/03/17 23:59,2021/12/20 21:00:00,2022/03/17 23:59:00
ä½è¡æ“Šï¼é—œç¯€ã€å¿ƒè‚ºé›¶è² æ“”ï¼æ”¹è®Šä¸–ç•Œçš„å®¶å¸¸é‹å‹•ï¼šiNO å¤ªç©ºäººå¾‹å‹•æ©Ÿ,https://www.zeczec.com/projects/ino-600,iNO,https://www.zeczec.com/users/iNO,"22,888%","NT$114,444,900","ç›®æ¨™ NT$500,000",7165,,2021/12/15 12:00 â€“ 2022/01/10 23:59,2021/12/15 12:00:00,2022/01/10 23:59:00
ä¸€é–‹å³å–ï¼Œæ¯å­éš±èº«è¡“ï½œHIDING iN é£²æ–™æ¯ï¼,https://www.zeczec.com/projects/hiding-in,æºæºé‹¼è— uanuan,https://www.zeczec.com/users/uanuan,"7,525%","NT$22,577,269","ç›®æ¨™ NT$300,000",14804, 16 å°æ™‚,2021/11/24 21:00 â€“ 2022/03/18 02:00,2021/11/24 21:00:00,2022/03/18 02:00:00
70mai å„²èƒ½è¡Œå‹•é›»æºï½œåŒç´šæœ€å¼·é›»é‡ï¼Œè§£æ±ºä½ æ‰€æœ‰çš„å……é›»å›°æ“¾,https://www.zeczec.com/projects/tinjet70mai,70mai ä¸ƒåé‚,https://www.zeczec.com/users/tera70mai,"26,778%","NT$26,778,455","ç›®æ¨™ NT$100,000",1054,,2021/11/11 20:00 â€“ 2022/03/17 02:00,2021/11/11 20:00:00,2022/03/17 02:00:00
ã€ è¬æ’­ T2R Maxï½œæ”œå¸¶å¼å¾®å‹æŠ•å½±æ©Ÿ ã€‘å˜–å˜–å…¨çƒå”¯ä¸€é¦–ç™¼ï¼æœ€å¼· CP å€¼ï¼Œå¸¶è‘—èµ°çš„è¡Œå‹•åŠ‡é™¢ï¼,https://www.zeczec.com/projects/wanbo,ç¿æ¿¬åœ‹éš›,https://www.zeczec.com/users/Regency,"40,318%","NT$40,318,600","ç›®æ¨™ NT$100,000",9363,,2021/04/27 12:00 â€“ 2021/06/24 02:00,2021/04/27 12:00:00,2021/06/24 02:00:00
ä¸€ç§’è®Šæ›é¢¨æ ¼ï¼Œåªè¦ç¿»è½‰èƒŒåŒ… - FlipBagâ„¢ by Allroverâ„¢,https://www.zeczec.com/projects/flipbag,allroverÂ®,https://www.zeczec.com/users/allrover,"13,849%","NT$69,245,122","ç›®æ¨™ NT$500,000",10525,,2016/06/01 00:00 â€“ 2016/08/10 23:59,2016/06/01 00:00:00,2016/08/10 23:59:00
Stair-Roverâ„¢ - å…«è¼ªæ»‘æ¿è®“ä½ é¨éŠåŸå¸‚ æ¯«ç„¡é˜»æ””,https://www.zeczec.com/projects/allrover,allroverÂ®,https://www.zeczec.com/users/allrover,"18,168%","NT$39,062,040","ç›®æ¨™ NT$215,000",2720,,2014/08/25 00:00 â€“ 2014/10/20 23:59,2014/08/25 00:00:00,2014/10/20 23:59:00
