projects,proposer,current_amount,current_price,projects_url,spec,remaining_time,group_period
"2023【LOVE U, 兔】甜點日曆｜呷甜甜，過好年｜學會甜點讓每天都過的甜一點",Love U Too Cake,100359.0,178.0,https://www.zeczec.com/projects/loveutoocake,"✧ 你知道花有花語~ 甜點也有藏在其中的小寓意嗎? 讓我們一起認識風靡世界的甜點．兔兔年就是要過的好吃又好玩~,zeczec",31 天,2022/10/05 12:00 – 2022/12/01 23:59
Piazoo鍵盤上的動物園 ｜專為鋼琴初學者設計 | 音樂遊戲卡牌,楊乃潔,107169.0,490.0,https://www.zeczec.com/projects/piazoo,"一款專為鋼琴初學者設計的音樂遊戲暨創作卡牌。透過多變的遊戲方法，從中熟悉各項彈鋼琴時會用到的音樂元素，亦可隨心所欲的根據卡牌內容玩創作。進入鋼琴學習的世界，從玩不膩的卡牌遊戲開始！,zeczec",18 天,2022/10/18 21:00 – 2022/11/19 02:00
【精裝典藏】2022大勢韓劇｜人生劇創造者 ‧ 盧熙京《我們的藍調時光》劇本雙書,新經典文化,198669.0,999.0,https://www.zeczec.com/projects/OurBlues,"「這是一部為站在生命的盡頭、頂峰或是起跑點的所有人所寫的應援故事。」──盧熙京,zeczec",27 天,2022/10/25 12:00 – 2022/11/28 02:00
廚佛瑞德Fred｜三秒入魂川味麻辣燒醬｜就是我十年前，在四川一嚐入魂、難忘至今的頂級香氣和麻辣滋味！,廚佛瑞德 Fred,1818773.0,999.0,https://www.zeczec.com/projects/FredJam,"重現四川老師傅的手藝，把川菜經典的香、麻、辣徹底發揮。「三秒入魂川味麻辣燒醬」純手工熬煮、加入頂規食材，要把當年震撼我的味覺體驗分享給你。,zeczec", 15 小時,2022/09/22 20:00 – 2022/11/01 23:59
眠豆沙 | 今天開始搶著睡沙發的台灣製手工沙發,眠豆腐,12727590.0,39590.0,https://www.zeczec.com/projects/sleepytofu-sofa,"為了你寶貴的療癒時光，眠豆腐決定打造一款沙發，拿出所有獨家秘方，回歸沙發的核心機能：好坐又好躺。我們稱它——眠豆沙！,zeczec",15 天,2022/09/27 20:00 – 2022/11/15 23:59
2023｜兔兔高升｜貓日曆 - 和貓咪一起天天好心情，享受好運氣！,HANK MAX STUDIO,4861342.0,240.0,https://www.zeczec.com/projects/catflip2023,"你知道兔年（卯年）也是貓咪年嗎？2023 和貓貓一起兔兔高升吧！*ΦωΦ)ノ,zeczec",24 天,2022/09/07 11:50 – 2022/11/24 23:59
【 that 想想鍋｜IH 水蒸・舒肥】專為台灣人設計的第一台智能電鍋，將想念的滋味端上桌！,that,1406460.0,10900.0,https://www.zeczec.com/projects/that-ih-pressure-ricepot,"\\ 超早鳥最優惠，倒數計時中 // that 想想鍋具備 #IH環繞加熱 #類真空鑄鐵鍋蓋 #無油舒肥料理 等黑科技，兼具效率、節能、美學，讓您優雅享用健康美食，為生活增添美好！,zeczec",38 天,2022/10/25 20:30 – 2022/12/09 02:00
【WondaMop｜免換水淨水拖把組】污水淨化 × 淨水循環 × 細菌濾淨 × 免倒換水 × 極致乾淨 ＠限時加贈，倒數24小時，最後搶購！,富商國際股份有限公司,2930116.0,1380.0,https://www.zeczec.com/projects/wondamop,"2000年來拖把的全新革命：讓人""嘖嘖稱奇""的拖把! 拖地居然可以不用換水，2.5公升拖地水...居然可以重覆使用如此清澈！ 『從此拖地免換水』＃超濾淨＃真乾淨,zeczec",42 天,2022/10/25 12:00 – 2022/12/13 02:00
𝙈𝙞𝙟𝙞𝙡𝙮 𝘼𝙞𝙧 大氣涼拖鞋｜𝟭 鞋 𝟰 穿的機能神拖 - 急反彈、強支撐、超耐走！,Mijily 米吉利循環鞋履,5798075.0,1680.0,https://www.zeczec.com/projects/mijily-air,"這是『史上第一雙大氣控壓的涼拖鞋！』兼具四種鞋面穿法、吊掛收納、耐磨止滑、專利高支撐鞋體，同時輕盈舒適且可回收的休閒涼拖鞋。Mijily 不只賣鞋，我們更注重售後的回收機制！,zeczec",7 天,2022/08/03 12:00 – 2022/11/08 02:00
XpreSole® Blocks 全防水積木咖啡靴｜踏出童心，擺脫潮濕！無論晴雨，每一步都輕盈乾爽,Lab22 Taiwan,602080.0,2880.0,https://www.zeczec.com/projects/xpresole-blocks,"Blocks 積木咖啡靴｜由咖啡渣製成、防水、透氣、舒適、超輕、乾爽等 12 項超強機能，加上獨家積木鞋底，帶你找回童心，穿出風格！,zeczec",67 天,2022/10/31 12:00 – 2023/01/06 23:59
【眠朵雲 2.0 】恆溫深度釋壓枕｜業界最高枕心密度支撐，3 層科技布套打造吸濕／排汗／抗菌極致舒適感，陪你夜夜好眠,戀家小舖,7849139.0,2680.0,https://www.zeczec.com/projects/lovingfamily,"熱賣超過 15,000 顆的【眠朵雲】推出全新二代！領先業界 3 倍枕心密度，提供良好支撐與深層釋壓。3 層科技布套，則讓肌膚有最舒適的接觸感，一試就愛上！,zeczec",23 天,2022/10/12 21:00 – 2022/11/24 02:00
【濾網不用一直換，超省錢 ! 】新冠病毒99.99%抑制認證，大坪數小坪價 ! 淨化小至0.01奈米顆粒物，SGS國際認證，語音聲控超方便 ! UVC LED加強防護 !,Apolnus 無耗材UVC空氣清淨機,11274463.0,9770.0,https://www.zeczec.com/projects/apolnus,"濾網簡易清潔大升級、省錢、省心、又環保，14坪大空間靈活運用，獨家創新濾網技術、易水洗、無臭氧，實驗認證可過濾奈米顆粒，解決空氣清淨機使用上的痛點，真正空清機界的最強王者！,zeczec",5 天,2022/10/05 11:00 – 2022/11/05 23:59
日日有影 2023｜生活是電影的本質，電影是生活的淬鍊 ―― 電影日曆陪伴你的 2023 年,釀電影,2867352.0,1099.0,https://www.zeczec.com/projects/amovieaday,"12 位台灣插畫家，與近百位電影人、影評、作家聯手，讓你的 365 天都有電影相伴。,zeczec",6 天,2022/08/31 21:00 – 2022/11/06 23:59
KIMU DUO 融蠟燈｜給關不掉的嗅覺，美好且安心的儀式感日常。,KIMU,1211242.0,2999.0,https://www.zeczec.com/projects/kimu-duo,"讓台灣燈具品牌 KIMU 打造比你更挑剔的香氛體驗。讓世界首創雙燈頭，立體你的五感，放大你的第六感。,zeczec",18 天,2022/10/06 11:00 – 2022/11/18 23:59
,,,,https://www.zeczec.com/projects/double-box,,,
,,,,https://www.zeczec.com/projects/go-stand,,,
,,,,https://www.zeczec.com/projects/bitplay-wander-pack,,,
,,,,https://www.zeczec.com/projects/guardamper,,,
,,,,https://www.zeczec.com/projects/tijrpen,,,
,,,,https://www.zeczec.com/projects/withering-calendar-2023,,,
,,,,https://www.zeczec.com/projects/take-cover3,,,
,,,,https://www.zeczec.com/projects/The-New-Sothebys-Wine-Encyclopedia,,,
,,,,https://www.zeczec.com/projects/mplus_calendar2023,,,
【Back to Fashion 從心學穿搭】跟著一線品牌掌舵手，學會穿搭技巧，定義獨一無二的你！,Back to fashion 從心學穿搭,76080.0,2780.0,https://www.zeczec.com/projects/back-to-fashion,"我們正在籌備一套穿搭課程，從人性結合服裝商品的視角切入，深入淺出解析不同風格穿搭的可能性，讓每一位參與者從中獲得啟發，並找到屬於自己的獨特風格。,zeczec",54 天,2022/10/24 20:00 – 2022/12/24 23:59
MUFU V20S ｜雙鏡頭機車行車記錄器｜超大電量連續錄影長達7.5小時｜即扣即錄免按鍵使用很簡單,MUFU,1266001.0,2890.0,https://www.zeczec.com/projects/mufu-v20s,"機車行車記錄器使用可以很簡單，MUFU推出一款男女老少都能使用的機車行車紀錄器，行車記錄簡單搞定！,zeczec",30 天,2022/10/26 11:00 – 2022/12/01 02:00
CHIMEI奇美 瞬熱智慧溫控飲水機｜制霸市面瞬熱飲水機，容量、面板、規格、品質全面大升級，高貴不貴，一鍵瞬熱,CHIMEI 奇美家電,4288349.0,3680.0,https://www.zeczec.com/projects/chimei,"304不鏽鋼導熱出水管專利技術，完美克服瞬熱出水難題，SGS認證不含雙酚A安全大容量水箱，5層淨化TÜV認證專業濾心，6大安全保護，免擔心乾燒、跳電、過熱等問題，讓你一鍵瞬熱，安心飲水。,zeczec",39 天,2022/10/26 10:30 – 2022/12/09 23:59
Allite CF1 多功能車用手機架｜首創 3-in-1 無線充電・磁吸支架・舒心擴香一次到位！ ,Allite ,966912.0,1490.0,https://www.zeczec.com/projects/allite-cf1,"告別傳統手機架！創新結合 MagSafe 技術與擴香功能，打造一次到位的車用配備。CF1 全方位手機架，完美提升駕車體驗！ ,zeczec",36 天,2022/10/25 12:00 – 2022/12/07 12:00
『 日本 amadana ｜16L 極靜高效除濕機 』 - 日本美學 一級能效 16L 除濕機,amadana,2952041.0,8580.0,https://www.zeczec.com/projects/amadana-16l,"日式極簡『 16L 除濕機』，大除濕量，40%-80% 濕度符合環境需求！45dB靜音除濕，安心舒適！一級能效，還能自行申請1200元補助喔！,zeczec",6 天,2022/08/23 12:00 – 2022/11/07 02:00
【Circle By Circle，孩子的教養旅程一步不漏】0-1.5 歲寶貝限定！唯一幫助你突破教養不一致訂閱制教具＋給照顧者的完整指引 ,Circle By Circle 圈圈玩旅,697650.0,1500.0,https://www.zeczec.com/projects/circle-by-circle,"◖◖ 不只是教玩具，以醫學、科學為基礎，融合跨學派教育理論; 前樂高 LEGO 設計總監＋五大領域專家共同創作，依月齡精細劃分，陪你輕鬆解鎖寶寶每一個發展里程碑！◗◗,zeczec",30 天,2022/10/19 11:00 – 2022/11/30 23:59
2023喵兔Q生活萌日曆｜365天不重複可愛動物插畫×每日召喚好心情療癒魔法,有貓貓,1009905.0,740.0,https://www.zeczec.com/projects/yomaomao2023calendar,"365天兔兔與喵喵接棒賣萌，每日杯口笑話一撕就有好心情～每個早晨，都被兔兔與喵喵的軟萌給可愛醒！,zeczec",25 天,2022/09/06 11:30 – 2022/11/25 23:59
【今日宜小聊－2023腥座日曆】自我安慰開啟美好的一天， 2023腥辣才是王道,小瑜星座,286641.0,100.0,https://www.zeczec.com/projects/zodiac-teacheryu-calendar-2023,"宇宙間第一本與你對話、用星座與你互動的「沉浸式日曆」，365天專屬腥雞湯金句，讓你每天花5分鐘思考人生，搭配自己寫下每天想要對話的主題，讓2023每日都有意義！,zeczec",8 天,2022/09/14 12:00 – 2022/11/08 23:59
【2022 德國 iDventure 全新益智密室逃脫遊戲盒 】魔法 vs 科學 | 史詩級的對決！挑戰你的大腦極限！,Amodas,1105270.0,3280.0,https://www.zeczec.com/projects/cluebox-v-s,"我們把實境密室逃脫縮小了，德國iDventure全新設計，在工程力學、謎語巧思及材料運用上的突破，不靠運氣全憑你的邏輯智慧！,zeczec",14 天,2022/08/30 11:32 – 2022/11/15 02:00
馬曆2023／做一隻不會在龜兔賽跑中輸掉比賽的兔子,新加坡商艾雅思股份有限公司台灣分公司,2387663.0,920.0,https://www.zeczec.com/projects/MarknMary2023,"原子習慣說，只要每天進步1%，一年累積下來，你就會成長3700%！ 問題是，我們要從哪裡開始下手，要如何有意識地做出改變呢？ 就讓馬曆成為你每日的提醒吧！,zeczec",31 天,2022/10/01 10:01 – 2022/12/01 23:59
【CA160-超疏水膜】滴水不沾、視線清晰、持久耐用！地表最強防雨貼膜,淨對流 X 科學研選,2350381.0,390.0,https://www.zeczec.com/projects/ca160,"世界首款奈米微針超疏水膜。經科學實測，不沾水能力與耐用度皆為市售最強！輕鬆提升雨天行車安全，保持優雅好心情~,zeczec",50 天,2022/10/20 13:00 – 2022/12/20 23:59
募資倒數3天【葉添YeTech｜匠人級收納雙刀組】是刀盒也是砧板，刀具 / 砧板 / 收納 / 攜帶 4in1，戶外廚房10秒帶出門！,葉添 YeTech Craft,5743380.0,4150.0,https://www.zeczec.com/projects/yetech-2022,"台灣百年製刀品牌「葉添」專為戶外露營打造「攜帶型專業廚刀組」。 結合VG10頂級鋼材雙刀、砧板、磁吸收納設計、透氣提袋為一體，一個包陪你上山下海，10秒即可外帶行動廚房，到哪都能大展廚藝！,zeczec",3 天,2022/09/06 21:00 – 2022/11/04 02:59
,,,,https://www.zeczec.com/projects/showtime,,,
,,,,https://www.zeczec.com/projects/holdu,,,
,,,,https://www.zeczec.com/projects/ideacam,,,
,,,,https://www.zeczec.com/projects/earth-calendar-2023,,,
,,,,https://www.zeczec.com/projects/logitech-edu,,,
,,,,https://www.zeczec.com/projects/goodday,,,
,,,,https://www.zeczec.com/projects/moneycome,,,
,,,,https://www.zeczec.com/projects/logitech-PC,,,
,,,,https://www.zeczec.com/projects/wonderbook,,,
這真的太 G8 了！由玩家們舉辦的遊戲展，給你更不一樣的體驗！,G-EIGHT 巨罷娛樂,771643.0,990.0,https://www.zeczec.com/projects/geight2022,"一個由玩家自己籌辦，屬於玩家的電玩展。 為台灣獨立遊戲為主打的遊戲展，今年冬季隆重開展~,zeczec",20 天,2022/10/18 20:00 – 2022/11/20 23:59
【木直牛勿】澐森之巔 再美一年 台灣山月曆,木直牛勿,1835331.0,950.0,https://www.zeczec.com/projects/plantpractice2022,"我們是「木直牛勿」，喜歡山林，也喜歡畫畫。​ 希望透過畫筆，將台灣山林之美帶入各位的生活中：）,zeczec",30 天,2022/09/27 11:30 – 2022/12/01 02:00
2023 懂懂漢方曆 ✦ 讓中醫知識融入生活，陪你漢方養生一整年！,懂懂漢方(上荷生醫),394860.0,830.0,https://www.zeczec.com/projects/dongherb2023,"常見中藥材 × 實用藥帖，不只體驗本草之美，更享受有漢方的美好日常 ◔.̮◔✧,zeczec",15 天,2022/09/20 20:00 – 2022/11/15 23:59
Flōt 舒眠浮樂枕 ｜體驗可調式：物理牽引+漂浮舒壓，雙重舒眠享受的超級機能枕,Jolie有點酷,1663497.0,2480.0,https://www.zeczec.com/projects/trippal-flot,"全面破解惡性循環的失眠魔咒！全球首款~可彈性調整～完美整合「物理微牽引」、「飄浮輕舒壓」、「革新專利材料」與 「全方位人體工學」的精品級舒壓機能枕！,zeczec", 41 小時,2022/07/12 21:00 – 2022/11/03 02:00
【il modo小長夾】是日製手工真皮小長夾，也是職人的信念,STATUSY TAIWAN x 有設計,1504345.0,3560.0,https://www.zeczec.com/projects/ilmodo,"職人嚴選日本姬路高品質真皮皮革，歷經層層工序，將信念與期待融入手作，傾聽使用者的聲音，持續創新設計，盼能為使用者帶來幸福感，同時傳承製革傳統工藝,zeczec",56 天,2022/10/18 10:30 – 2022/12/26 23:59
《調香日曆》2023 曆刻聞香｜開啟調香日曆，走進叢林香氣,Xiabenhow下班隨手作,1174579.0,899.0,https://www.zeczec.com/projects/thescentcalendar,"365天的調香配方結合日曆，搭配52種精油深入介紹，透過每日調香配方，找到屬於自己的隱形費洛蒙，城市生活的365天，走進山林間的叢林香氣,zeczec", 17 小時,2022/09/28 12:00 – 2022/11/02 02:00
KAVi 翻轉咖啡杯｜一杯搞定所有器具，跳脫日常框架、翻轉無限”饗嚮”,錦明實業股份有限公司,1399831.0,99.0,https://www.zeczec.com/projects/viida-kavi,"小孩才作選擇，今天喝什麼我說了算！隱身於隨行杯裡的飲品特調 Bar，讓你再忙都能輕鬆享有手作飲品的好滋味及樂趣味！,zeczec",13 天,2022/09/13 10:30 – 2022/11/13 23:59
Coca-Koala「老宅歌2」動漫不插電專輯募資計畫,瘦瘦,518092.0,560.0,https://www.zeczec.com/projects/coca-koala-2,"實力派動漫樂團Coca-Koala，在獨立發行台灣首張日本授權不插電動漫專輯「老宅歌」四年後，即將以更高的製作水準推出「老宅歌2」。將動人的懷舊動漫音樂獻給永遠的少男少女們。,zeczec",7 天,2022/08/25 20:00 – 2022/11/07 23:59
,,,,https://www.zeczec.com/projects/anan,,,
,,,,https://www.zeczec.com/projects/jiuzuirili,,,
,,,,https://www.zeczec.com/projects/HelloLazy,,,
,,,,https://www.zeczec.com/projects/ryuu,,,
,,,,https://www.zeczec.com/projects/NBAS,,,
,,,,https://www.zeczec.com/projects/satto,,,
,,,,https://www.zeczec.com/projects/good-chicken-calendar-2023,,,
,,,,https://www.zeczec.com/projects/htvront,,,
,,,,https://www.zeczec.com/projects/snails,,,
,,,,https://www.zeczec.com/projects/ATC-2022,,,
人權辦桌 • 做伙來食飯,人權辦桌,23650.0,100.0,https://www.zeczec.com/projects/jin-kuan-pan-toh,"用一頓飯的時間，搭起「無家者」、「政治受難者」及「社會大眾」對話的平台，讓每個人都有權利訴說與被傾聽，也讓「人生而自由且平等」能夠獲得推廣。吃飽飯後才能繼續踏上漫漫人權路。,zeczec",45 天,2022/10/27 20:00 – 2022/12/16 02:00
《歲月靈光｜國家地理2023年攝影日曆》 透過黃框，開啟通往世界的窗口,國家地理,298190.0,1180.0,https://www.zeczec.com/projects/ngo-2023-calendar,"國家地理團隊首度推出攝影日曆《歲月靈光》，由創刊至今一百多年的照片中，精選 365 張大師經典，搭配豐富的影音知識內容，在新的一年中，每天與您分享一個精彩故事。,zeczec",30 天,2022/10/26 12:30 – 2022/11/30 23:59
星星窩貓跳台｜貓咪成長階段全適用！免釘3M專用雙面膠超耐重，還可自由換位！,享日生活工作室,105610.0,4299.0,https://www.zeczec.com/projects/swee-zhezhe2022,"洞洞板貓跳台=∞無限板免釘系列，搭配太空艙、貓隧道、貓階梯~貓的多重宇宙一次完成！升級配件改版更穩固！,zeczec",7 天,2022/10/05 11:00 – 2022/11/07 23:59
,,,,https://www.zeczec.com/projects/yourbonex,,,
2023 明想正念日曆 Bit By Bit Calendar｜用日復一日的美好・切換內心的開關,dxpresso,777230.0,820.0,https://www.zeczec.com/projects/dxpresso-bit-by-bit-calendar,"給初學者的正念日曆，透過365天明想每日提醒 + 每日療癒圖形，讓大腦進入短暫的正念狀態、消除眼睛疲勞，陪你一點一滴的累積，一天比一天進步！,zeczec",28 天,2022/09/16 12:00 – 2022/11/28 23:59
《河流》身心靈療癒誌｜不只是一份紙本月刊，而是一個匯聚美好能量的療癒多媒體，一個共學共好的身心靈平台！這世界不需要再一本八卦雜誌、再一個八卦節目，但需要這樣一個愛的視角，懇請支持「河流心傳媒」！,《河流》身心靈療癒誌,396135.0,16800.0,https://www.zeczec.com/projects/river2021,"《河流．身心靈療癒誌》滿週歲了，感謝去年嘖嘖支持我們創刊，這一年來我們為大家做了好多！河流從誕生到努力長這麼大，真是個奇蹟！我們還有更多的愛和夢想等著實現，邀請您繼續跟著我們～走這條河流！,zeczec",15 天,2022/09/20 10:00 – 2022/11/15 23:59
,,,,https://www.zeczec.com/projects/graduation-book-funding-project,,,
,,,,https://www.zeczec.com/projects/grimmpress-2,,,
,,,,https://www.zeczec.com/projects/WengYuJun-Album,,,
,,,,https://www.zeczec.com/projects/thecircularproject,,,
,,,,https://www.zeczec.com/projects/ring-fit-holder-neo,,,
,,,,https://www.zeczec.com/projects/spacefold,,,
,,,,https://www.zeczec.com/projects/mirolive-Tako3d,,,
,,,,https://www.zeczec.com/projects/storywear_Kurt,,,
,,,,https://www.zeczec.com/projects/chairlab-tx370,,,
,,,,https://www.zeczec.com/projects/calendar365,,,
《人生百態．魔法桌遊》適用多數身心靈系統的桌遊工具 在歡笑中找到自我,跳舞駱駝工作室,15250.0,2200.0,https://www.zeczec.com/projects/LifeofMagic,"身心靈系統百百種，你知道自己適合哪些嗎? 一個適用多數身心靈系統的桌遊工具，一個在歡笑聲中找到自我的桌遊！,zeczec",61 天,2022/10/19 00:00 – 2022/12/31 23:59
2023《身體曆行》插畫週曆 ✷ 照顧自己、放鬆身心的52個療癒提案,Thisis Yali（鏡物觀察室）,192968.0,730.0,https://www.zeczec.com/projects/BodyFirst2023,"週曆 × 可攤平手帳！讓穴道保健知識及儀式感提案，陪你照顧身體、自我療癒、開展豐盛生活♡,zeczec",22 天,2022/09/28 21:00 – 2022/11/22 23:59
J'DOR 全天然兒童黏土 | 不沾黏、加水即可恢復柔軟、植物精油製作｜孩子聖誕節禮物首選｜幼兒安全無毒黏土｜用食材打造玩具 | ,倍格思有限公司,829416.0,550.0,https://www.zeczec.com/projects/jdor,"小孩聖誕節禮物 - 安全無毒兒童黏土 促進小肌肉發展訓練 ｜ 幼兒禮物首選 ｜天然無毒安全黏土！不沾黏、加水即可恢復柔軟！,zeczec",26 天,2022/09/30 21:00 – 2022/11/26 23:59
2023年《365環球曆》每天帶你去環遊世界的日曆,Fiona環遊世界,798890.0,890.0,https://www.zeczec.com/projects/travel365,"一秒出國，環遊世界365天；文化體驗，輕鬆建立國際觀。環球旅人Fiona花費20年，精選全球77國+南極熱血製作。,zeczec",31 天,2022/09/26 20:00 – 2022/12/01 23:59
Musical World冉天豪音樂劇合唱作品募資計畫,台中室內合唱團,253052.0,1150.0,https://www.zeczec.com/projects/musical-world,"由台中室內合唱團攜手合唱、音樂劇跨界才子冉天豪，共同推出台灣第一組音樂劇合唱樂譜，讓台灣音樂劇在華人世界引領風潮，也讓全世界看到台灣音樂藝術文化的實力。,zeczec",13 天,2022/08/29 10:00 – 2022/11/13 22:00
憨兒鋼琴家圓夢專輯《音人無異》發行募資計畫（feat. Shino 林曉培）,真善美社會福利基金會,37488.0,200.0,https://www.zeczec.com/projects/chensenmei,"憨兒鋼琴王子──Alex 陳立，擁有絕對音感的天賦，最大夢想是出版屬於自己的音樂專輯。內含 4 首純鋼琴曲、1 首與林曉培合作的經典歌曲，期待透過歌星力挺與群眾募資，完成 Alex 的音樂夢。,zeczec",45 天,2022/10/20 10:00 – 2022/12/16 17:00
職游 x 牌卡 = 運用內在三角形▲ 成為自己的職涯設計師！,職游,730077.0,4680.0,https://www.zeczec.com/projects/careercreator,"我們是「職游」，由職涯諮詢師組成的專業團隊，這次推出 3 套職涯探索牌卡與可無限回看的線上課程，希望大家能透過趣味的職涯探索牌卡，在多變的職場環境中，從探索認識自己的「內在 3 角形」開啟職涯規...,zeczec",20 天,2022/09/26 20:00 – 2022/11/21 02:00
2022台灣芭蕾舞團全新創作 《細雨灑落群山 》蕭泰然C調大提琴協奏曲,台灣芭蕾舞團,425818.0,200.0,https://www.zeczec.com/projects/taiwanballetcompanyperformance,"我們是台灣芭蕾舞團，即將在年底登上衛武營國家藝術文化中心戲劇院演出，台灣芭蕾舞團藝術總監莊媛婷創作舞蹈作品《細雨灑落群山》音樂選自已故台灣音樂家蕭泰然老師作品 「蕭泰然C調大提琴協奏曲」,zeczec",15 天,2022/09/28 20:00 – 2022/11/15 23:59
,,,,https://www.zeczec.com/projects/powerfun,,,
,,,,https://www.zeczec.com/projects/shopwoofwoof-box,,,
,,,,https://www.zeczec.com/projects/acera-energy-cup,,,
,,,,https://www.zeczec.com/projects/reo,,,
,,,,https://www.zeczec.com/projects/color4,,,
,,,,https://www.zeczec.com/projects/show-fun-box,,,
,,,,https://www.zeczec.com/projects/incoolcup,,,
,,,,https://www.zeczec.com/projects/dosuncg135,,,
,,,,https://www.zeczec.com/projects/hlt-quilt,,,
《ShowTime》訂製精裝手帳｜登上時裝秀 未來由你來掌握,一種選擇 | a kind of choice,96440.0,660.0,https://www.zeczec.com/projects/akindofchoice,"一本專屬為您客製化的手帳，能幫助你梳理思緒、提高效率。在書寫文字時重新獲得力量，創造屬於你的舞台,zeczec",14 天,2022/10/12 12:00 – 2022/11/15 02:00
Studio Smoll 巧翻皮夾2.0｜流暢隨行，快意感應,StudioSmoll,431506.0,1460.0,https://www.zeczec.com/projects/revolve-wallet2,"使用義大利植鞣皮革，製程環保，化繁為簡滿足各種日常所需，簡約而細膩的陪伴我們每個外出時刻。,zeczec",52 天,2022/10/17 21:00 – 2022/12/22 23:59
▍Suzzi 雙芯護淨蓮蓬頭 ▍三重防護，打造純淨水，耗材減量愛護地球,Suzzi,523921.0,999.0,https://www.zeczec.com/projects/suzzishower,"你在乎飲用水，是不是卻忽略了生活用水? 首支以""台灣水質""而設計的蓮蓬頭，只需從出水末端就可以簡易、快速、輕鬆改善水質。,zeczec",29 天,2022/10/20 12:00 – 2022/11/30 03:00
翻轉生命的力量 -【阿恩開火車】繪本印製計畫，讓我們一起點亮重症病童的希望之光 !,喜願協會,373500.0,100.0,https://www.zeczec.com/projects/makeawish,"喜願協會希望透過印製「喜願熊圓夢系列 - 阿恩開火車」的繪本，帶您一起探索重症病童的願望旅程，及願望成真後的人生轉變；同時會將繪本捐贈給20家醫院，作為鼓勵孩子們的正面力量。,zeczec",7 天,2022/09/09 15:00 – 2022/11/08 14:59
𝗠𝗢𝗭𝗧𝗘𝗖𝗛® 喀喀螢幕燈｜全球首款×專利設計．折疊攜帶+無線使用．行動螢幕燈,MOZTECH 墨子科技,512270.0,1780.0,https://www.zeczec.com/projects/kakalight,"你的燈光維他命．折疊攜帶×無線使用，你的行動螢幕燈【無線摺疊喀喀螢幕燈】 專為外出族設計，輕輕一喀立即變身，KA！KA！剛好符合15吋筆電使用 ，支架採用懸掛式磁吸設置，一喀即用就是這麼so e...,zeczec",14 天,2022/10/17 12:00 – 2022/11/14 23:59
2023【台灣．鳥．日子—365天手繪日曆】｜你的鳥類小百科,台灣．鳥．日子,436783.0,790.0,https://www.zeczec.com/projects/lovebirds2023,"2023【台灣．鳥．日子—365天手繪日曆】手繪勾勒365隻鳥類，彩繪並記錄台灣及全球獨特鳥兒！引起台灣大眾對鳥兒的關注，入門學習鳥類的知識！,zeczec",21 天,2022/09/22 20:00 – 2022/11/21 23:59
如寶石般的磨刀石美學抵台！｜重新復刻日本最古老產地將消失的「伊予砥」，天然陶石再現頂級細膩研磨！,伊予石業,299780.0,1280.0,https://www.zeczec.com/projects/iyokogyoshostone,"「砥部燒」原料的開採業者-伊予鉱業所，在日本最古老的磨刀石產地砥部鎮，重新復刻江戶時代的「伊予砥」也就是磨刀石，開採最高品質陶石結合傳統職匠工藝，打造出一顆顆珍貴「伊予砥磨」寶石，天然磨刀石研磨...,zeczec",34 天,2022/10/04 21:00 – 2022/12/04 23:59
✶LIGHtogo 最強殺菌神器✶ 100%安全無顧慮！,長虹光電,513183.0,1300.0,https://www.zeczec.com/projects/lightogo-uvc,"車用UVC殺菌燈強勢來襲， 超懶人神器３步驟輕鬆安裝，隨車內空調出風98.4%滅毒殺菌！從最根本源頭持續有效循環滅菌！九大特色全面淨化車內空間，司機乘客都安心！,zeczec",30 天,2022/08/31 12:00 – 2022/11/30 23:59
【 ATUBE｜真空管藍牙 soundbar 音響】你的第一台真空管音響！韓國復古設計，情感人聲！,Atube 台灣,567160.0,3280.0,https://www.zeczec.com/projects/atube,"卓越的人聲表現 × 真空管清澈透亮音質 × 超乎想像的CP值,zeczec",6 天,2022/10/05 12:00 – 2022/11/06 23:59
小墨曆｜2023 書法水墨學習日曆 feat.學見書房,小墨器 Hsiao Mo Chi,541555.0,890.0,https://www.zeczec.com/projects/Hsiao-mo-li,"2023 年，一起來個美字訓練！ 讓你從小學畢業後重新愛上書法的日曆 ,zeczec",9 天,2022/09/01 21:00 – 2022/11/10 02:59
I Moto 機車藍芽/指紋辨識,誼騰動力團隊,122320.0,5480.0,https://www.zeczec.com/projects/i-moto-bt-finger," ▊ 手機和指紋就是你的鑰匙 ▊ 用手機和指紋即可啟動機車、熄火、開置物箱、開油箱。,zeczec",30 天,2022/10/15 11:00 – 2022/11/30 23:59
【Formosan Creatures 島嶼精靈 - 質感金屬車用擴香】開啟自然香氛旅程,Gdesign,163873.0,1280.0,https://www.zeczec.com/projects/formosan-creatures-CarDiffuser,"以四種保育類動物台灣藍鵲、石虎、虎鯨、櫻花鉤吻鮭為主角，融合圖像工藝設計、香氛調製、歌曲創作元素，創作出【島嶼精靈 - 動物圖騰擴香】系列，期待以視、嗅、觸與聽覺體驗記錄美麗的自然生態,zeczec",58 天,2022/08/31 20:00 – 2022/12/28 23:59
【2023清旅行手撕桌曆】網紅凡清親手製作｜ 365天日日旅行 橫跨50國 ｜ 伴你收藏一整年的美好,2023清旅行手撕桌曆,293596.0,680.0,https://www.zeczec.com/projects/cingtravel2023,"一起去旅遊吧！這本《2023清旅行手撕桌曆》是我親手製作的喔，當初答應仲仲要帶她去度假而製作的，遨遊50國風景美食，每日一句土味情話，365天日日充滿驚喜，各方面細節都超級注重，分享給各位,zeczec",50 天,2022/09/14 21:00 – 2022/12/20 23:59
SAVING POWER x YOOBAO EN300 輕量級隨身小電站｜電到用時「不」方恨少！,SAVING POWER,264844.0,8980.0,https://www.zeczec.com/projects/yoobao-en300,"歐美日儲能電源暢銷品牌 YOOBAO ，全台首發【EN300輕量級隨身小電站】最多同時輸出6台設備； 300W功率 AC 插座及 DC 快充接孔，從緊急應用到休閒生活，隨時在你身邊。,zeczec",32 天,2022/10/03 20:00 – 2022/12/03 02:00
調香師神作｜調酒、台茶8號【AMPM 旅行香水組 】by I-CHUN CHOU,鼻子星球,94220.0,1680.0,https://www.zeczec.com/projects/ampm-24-i-chun-chou,"由專業調香師所設計，AMPM一日旅行時光的氣味，是詮釋氣味最理想的方式。逆向調香只採用好聞的氣味分子，香水新手不用擔心帶給周遭「香害」，三款在任何時段都為你加分的香水，展現更多自信。,zeczec",13 天,2022/09/30 19:00 – 2022/11/13 23:50
2023 【 柔らかな日々 】手繪花月曆｜櫥底 cookies &. ,櫥 底 cookies &.,19140.0,720.0,https://www.zeczec.com/projects/flowerday,"2023 手繪花曆，伴你度過柔和的日常。,zeczec",76 天,2022/10/26 12:00 – 2023/01/16 02:00
2023 【社畜毋湯日曆】 珍惜生命 愛護社畜 | 365天超憤職場日常 ，每日職場宜忌招好運 x 可愛動物陪伴辦公日常,Gdesign,208982.0,780.0,https://www.zeczec.com/projects/MeowWWWu2023,"工作厭世焦慮的心情沒地方發洩嗎?! 以毒攻毒才是最好的心理治癒，接受不足的自己，勇敢的準時下班，坦然的周休二日吧！！,zeczec",31 天,2022/09/08 12:00 – 2022/12/01 23:59
達伶姐姐變身里長 集資計畫｜改變 要你＋1,達伶姐姐選里長 Team,100963.0,666.0,https://www.zeczec.com/projects/puffdarling,"從兒童節目主持人變身里長！？ 所有美好 從小地方、小事情開始,zeczec",25 天,2022/09/08 11:00 – 2022/11/25 23:59
藝情二三｜藝術喚起生活，藝術塑造社會 ― 讓藝術週曆渲染你的2023,藝情指揮中心,91420.0,650.0,https://www.zeczec.com/projects/accweeklycalendar,"26件精選藝術回顧與 26位國際藝術工作者問答，啟發一整年的生活靈感。,zeczec",8 天,2022/10/25 12:00 – 2022/11/08 23:59
,,,,https://www.zeczec.com/projects/floraldiary2023,,,
,,,,https://www.zeczec.com/projects/Treasure,,,
,,,,https://www.zeczec.com/projects/nicetomeetyou,,,
,,,,https://www.zeczec.com/projects/dream-of-2023,,,
,,,,https://www.zeczec.com/projects/firepro,,,
,,,,https://www.zeczec.com/projects/goldenspine,,,
,,,,https://www.zeczec.com/projects/kittensisland_2023,,,
,,,,https://www.zeczec.com/projects/infinite-air-12,,,
,,,,https://www.zeczec.com/projects/ninenine,,,
淨瓶小熊｜PH9 不傷瓶-超鹼性萬用清潔錠 ，瓶器再髒再臭，10min一錠終結！,淨瓶小熊 Bolar Bear,216144.0,1270.0,https://www.zeczec.com/projects/bolarbear,"泡完=洗完的懶人清潔神器，PH9鹼性發泡清潔微錠，只需15分鐘 高效、深層、全面清潔，不管是瓶器、餐具、環保吸管，淨瓶小熊 一錠搞定! ,zeczec",52 天,2022/10/19 09:00 – 2022/12/22 23:59
『韓國PILMOA長效冰霸杯』同系列保溫杯韓國熱銷超過150萬個 🔥 獲4.6顆星高評價​ ✨,Neo Choice ,223760.0,1690.0,https://www.zeczec.com/projects/pilmoa,"１、２公升大容量​，最長保冷48小時，保溫24小時!​ 讓你從早到晚，保持最一開始的溫度！​好的冰霸杯，一個就夠👍 台灣獨家首賣!,zeczec",15 天,2022/09/22 20:30 – 2022/11/15 23:59
好日曆與你的 2023 年｜一本做成日曆的生活陪伴指南,好日曆,97135.0,1340.0,https://www.zeczec.com/projects/calendar-tw,"最具生活儀式感的療癒帳號，45 萬讀者熱切期盼推出的首次實體日曆；從一篇 IG 貼文，走到你桌上的一頁指引,zeczec",6 天,2022/10/20 16:00 – 2022/11/07 02:59
【南部鐵器 OIGEN 及源鑄造 | 幸福鑄鐵燒系列-共3款】全日本設計及手工鍛造，為感情加溫的料理神器,OIGEN 及源鑄造,155099.0,9999.0,https://www.zeczec.com/projects/oigen-cookware,"從未有的鑄鐵鍋體驗！市場唯一，輕鬆切換居家、露營的各種烹飪需求。100% 鑄鐵打造，獨家專利無塗層「裸製技法」，無毒、不沾、耐刮、好清潔，170年日本職人經驗傳承，可用100年的品質保證,zeczec",30 天,2022/10/13 20:00 – 2022/11/30 23:59
咱逗陣來社頭『鬆勢三日節』,鬆勢三日節,78179.0,511.0,https://www.zeczec.com/projects/sunsetfestival2022,"2020年一群在地青年「希望居住的地方變得更好」，以彰化縣社頭鄉的傳統產業出發，編織了一場來自地方的土直派對：鬆勢三日節。,zeczec",30 天,2022/10/25 11:00 – 2022/12/01 02:00
LOTUS9 雙介面讀卡機 | 全球最小、可更換式記憶卡、無須下載驅動、鋅合金鍍黑鎳特別打造！！,LOTUS9,12672.0,499.0,https://www.zeczec.com/projects/lotus9-512gb,"LOTUS9 雙介面讀卡機方便於最短的時間內觀看或是取用需要的內容，鋅合金鍍黑鎳的堅硬外殼不只能為日常生活提供足夠保護也能增加質感，小巧俐落的外觀設計可置於任何空間。,zeczec",30 天,2022/10/12 12:00 – 2022/11/30 23:59
金門牛肉乾沒有金門牛？追金門牛肉乾源頭，助環境也助牛農！,圓頭農牧食品有限公司,1449.0,1099.0,https://www.zeczec.com/projects/yuantoufood,"金門真的有這麼多酒糟牛可以做牛肉乾？30年前圓頭為了協助金門緩解酒糟問題開始養牛，現在為了解決酒糟牛滯銷問題推動肉品自主追溯系統，要讓牛農安心養牛、讓消費者買到用真的金門牛做的金門牛肉乾！,zeczec",30 天,2022/10/25 12:00 – 2022/12/01 02:00
零負擔口罩第二彈「Co-que Air 口罩」全新煙燻系列顏色 魅力登場,Co-que,23732.0,1598.0,https://www.zeczec.com/projects/co-que-air," 厭倦口罩的枯燥顏色了嗎?挑選屬於自己的浪漫色調吧，如果您正在尋找最舒適的口罩， Co-que Air 更輕薄・更快乾・更有機能性，超立體3D口罩好呼吸，真心推薦給您!!!,zeczec",19 天,2022/10/05 12:00 – 2022/11/19 23:59
【微笑藥師出品】好容益益生菌│首發主打『新鮮有感』的益生菌！由藥師團隊監製的益生菌產品,微笑藥師,180112.0,1998.0,https://www.zeczec.com/projects/hao-rong-yi,"市面上第一款主打「新鮮」的益生菌產品！由微笑藥師團隊嚴選監製出品，生產『安全、真實、無添加』禁得起民眾嚐試考驗的益生菌！選用最優勢的黃金ABC菌組合、提供每月新鮮配送到家的訂閱方案！,zeczec",23 天,2022/10/24 12:00 – 2022/11/23 23:59
SUSSI「Eye罩護」瞬熱音波護眼儀 | 一罩熱敷按摩眼罩雙享受，眼壓頭痛say掰掰,SUSSI,125221.0,1680.0,https://www.zeczec.com/projects/sussi-massage-eyemask,"消除眼睛疲勞 除了藥物，你還有更好的選擇 2022百大網友激推『SUSSI「Eye罩護」瞬熱音波護眼儀』 非藥物、非侵入式，快速有效舒緩緊繃的雙眼 讓SUSSI帶你一起告別高眼壓，眼酸、頭痛都掰掰！！,zeczec",22 天,2022/10/24 12:00 – 2022/11/22 23:59
,,,,https://www.zeczec.com/projects/note,,,
,,,,https://www.zeczec.com/projects/hdh-mini,,,
,,,,https://www.zeczec.com/projects/chop-chop,,,
,,,,https://www.zeczec.com/projects/straightmalecancer,,,
,,,,https://www.zeczec.com/projects/wildaidoceanbox,,,
,,,,https://www.zeczec.com/projects/wasangshow001,,,
,,,,https://www.zeczec.com/projects/HealingAngel,,,
,,,,https://www.zeczec.com/projects/meca,,,
,,,,https://www.zeczec.com/projects/MiuChCalendar,,,
｜犬山居の午茶 x 公益攝影展｜暖心的流浪動物主題展，每個照護病老同伴動物的平凡日子都是美好時光,U Joy,25300.0,500.0,https://www.zeczec.com/projects/afternoon-tea-with-tcasa,"好毛寵物攝影x犬山居: 在攝影展裡一窺毛孩們的下午茶時光,zeczec",45 天,2022/10/13 20:00 – 2022/12/15 23:59
【豆志不減，力挺新鮮非基改國產大豆】黑豆茶．黑豆粉．黑豆糙米香．香酥黑豆 ▍入選6家百貨VIP廳精品農產品展售,好農好物(威勝顧問有限公司),2000.0,700.0,https://www.zeczec.com/projects/GF-blackbeans,"嚴選嘉義新港農會使用跟在地農民契作新鮮、非基改、產銷履歷驗證(TAP)黑豆製作的產品：黑豆茶(百貨VIP廳指定飲品)、100%純黑豆粉(替飲食營養加分)、黑豆糙米香/香酥黑豆(吃零食同時補充營養)。,zeczec",27 天,2022/10/13 20:00 – 2022/11/27 23:59
史上最輕 強度最大【Fabriceasy】X【原物三生】 打造【Dyneema®】〈不動2.0〉包款：穿梭都會 原野探險 後背包與郵差包 可拆式 可組合 兩用款,Fabriceasy,16520.0,8260.0,https://www.zeczec.com/projects/Fabriceasy,"Dyneema® 複合布料具有高強度、高耐用卻輕量化的特性。Fabriceasy與品牌-原物三生聯手推出〈不動2.0〉背包，採用Dyneema® 複合布料製造,希望提供消費者先行體驗產品的特殊感受！,zeczec",25 天,2022/10/26 10:10 – 2022/11/26 14:00
CozyMax 野人の美學-【邦比桌(Bambi)】找一張桌子 讓家完整~,可囍家具股份有限公司-CozyMax 野人の美學,45920.0,3980.0,https://www.zeczec.com/projects/cozymax-bambi,"邦比桌不只是邊桌，""家""不是住處而是意象，希望邦比桌讓你的家帶來高質感高便利。,zeczec",20 天,2022/10/21 09:30 – 2022/11/20 23:59
⟨⟨OHANA⟩⟩動物保育專案成果展 | 募資計畫,OHANA,1400.0,100.0,https://www.zeczec.com/projects/ohana,"OHANA是由世新大學資傳系學生所組成，透過建置野生動物保育入口網站及資料庫、發表保育相關的知識加值，以推廣台灣野生動物議題。,zeczec",120 天,2022/10/17 12:00 – 2023/02/28 23:59
BOBOPET波波陪-狗狗的完美居家夥伴,FLYTTA,64680.0,2880.0,https://www.zeczec.com/projects/bobopet,"是餵食碗，更是陪伴愛犬促進身心健康的遊戲療癒球。讓愛犬在互動下能玩得開心、放電紓解壓力，與您一起渡過歡樂的時光。,zeczec",25 天,2022/09/27 20:00 – 2022/11/25 23:59
【蒔光曆】2023 日曆人看過來！為心中的小宇宙加溫，來趟日曆小旅行！,蒔光島嶼,98846.0,880.0,https://www.zeczec.com/projects/timeisland,"真心渴望，整個宇宙都會來幫你！累了，來日曆的小宇宙裡歇歇。獨食，獨旅，都有我們陪你一起。,zeczec",25 天,2022/10/17 12:00 – 2022/11/25 23:59
懶主人救星！【機能性貓咪餐包】真正做到低磷！守護一次到位。,超越汪喵,11760.0,560.0,https://www.zeczec.com/projects/beyondpet,"「超越汪喵」團隊強烈希望能為腎貓盡一份心力，同時也讓飼主多一份安心，製作出適口性佳的處方食品，增加更多腎貓食品的多元選擇，希望陪伴在飼主與貓咪之間。,zeczec",10 天,2022/10/13 12:00 – 2022/11/10 23:59
日本製・ZiBi-t 口罩 | 減少耳朵疼痛或是壓迫感，不影響時尚外表的耳掛式口罩！,zibit,71298.0,999.0,https://www.zeczec.com/projects/zibi-t,"来自日本第一大眼鏡眼生產地「福井県」!像戴眼鏡般的耳掛式口罩!,zeczec",15 天,2022/09/22 12:00 – 2022/11/15 23:59
bi×sole HOON秋冬保暖室內外拖鞋 | 重量輕且防水性佳・穿脫容易，進出室內戶外超方便 ・凹凸鞋底設計，抓地力強，長時間穿也舒適!,bi×sole×HOON,65044.0,999.0,https://www.zeczec.com/projects/bixsole-hoon,"日本時尚鞋履品牌 — 在日本累計銷售約100萬雙・超人氣的鞋類品牌「room’s」，推出穿脫方便且防水設計的新作品，陪大家一起度過溫暖過寒冬!,zeczec",15 天,2022/10/12 12:00 – 2022/11/15 23:59
新 • 康普茶發酵液 [療癒DIY手作機能飲] 100%無多餘添加；低糖低熱量，口味百變，健康滿分！,林立生醫 LINLI,56320.0,920.0,https://www.zeczec.com/projects/linlibio-kombucha,"源自東方發酵茶飲《 康普茶 》興起西方養生風潮，「林立 綠茶康普茶發酵液」給您無負擔的輕盈，想喝就喝吧！,zeczec",29 天,2022/09/29 20:00 – 2022/11/30 02:59
【dinos美力御守瓶】｜美顏 X 元氣：6種營養素，從裡到外應援女性健康！,dinos御守瓶,5592.0,1980.0,https://www.zeczec.com/projects/dinos_beauty,"「dinos御守瓶」是針對女性族群的煩惱而企劃的保健食品。以「安心安全、價格合理」的理念，並結合日本「御守」概念作為設計發想製作。,zeczec",18 天,2022/10/06 20:00 – 2022/11/18 23:59
黑洞超吸抽油煙機,爐妹妹,187850.0,16700.0,https://www.zeczec.com/projects/blackhole,"☆近吸油煙不過鼻☆機身不碰頭☆寬扁吸風口吸力最強☆噪音極低☆0油杯☆0油網☆多塗層奈米疏油☆一鍵熱清洗☆直覺式清潔,zeczec",4 天,2022/10/04 20:00 – 2022/11/04 23:59
Jin潾潾首張個人日文迷你專輯製作資金,只想當個瘋狂熱血傻瓜的Jin潾潾,52522.0,2499.0,https://www.zeczec.com/projects/Jin,"藏在內心23年的夢想，Jin潾潾要當的不是閃亮亮的歌手，Jin潾潾想要成為的是能療癒、並能改變世界拯救更多人，有影響力的歌手。潾潾はキラキラな歌手ではなく、影響力のある歌手になりたいです。,zeczec",6 天,2022/07/16 01:35 – 2022/11/06 23:59
日本製JAPAN99~絆~口罩 | 99.8%的抗病毒 ・12小時長時間戴佩OK・超立體設計的空間，讓您呼吸順暢!,japan99masuku,42132.0,467.0,https://www.zeczec.com/projects/japan99masuku,"來自日本鳥取縣製造的口罩，為了使呼吸更加順暢，並且可以長時間配戴，超立體空間的設計讓您在與人交談時，輕鬆自如!,zeczec",17 天,2022/08/17 12:00 – 2022/11/17 23:59
,,,,https://www.zeczec.com/projects/no-boundaries,,,
,,,,https://www.zeczec.com/projects/Coffeehouse,,,
,,,,https://www.zeczec.com/projects/z-calligraphy,,,
,,,,https://www.zeczec.com/projects/cemento-hana,,,
,,,,https://www.zeczec.com/projects/jili,,,
,,,,https://www.zeczec.com/projects/tianbaoshengdaotemple,,,
,,,,https://www.zeczec.com/projects/star-leaping-story,,,
,,,,https://www.zeczec.com/projects/today-is-today,,,
,,,,https://www.zeczec.com/projects/ferdy,,,
ToursCombine 旅遊知識網,ToursCombine,2000.0,500.0,https://www.zeczec.com/projects/tourscombine,"出國旅遊最新資訊，盡在ToursCombine！本網結合旅遊新聞、文章、影音、知識、討論區等等，提供最完整的旅遊資訊！,zeczec",14 天,2022/10/03 12:00 – 2022/11/14 23:59
『LAS』雙肩槍包，開/騎車雙用、帥氣網紅、歐美機能,David Wang,37484.0,2099.0,https://www.zeczec.com/projects/LAS,"推廣市面少見的包款，比後背更輕、比肩背更帥！,zeczec",18 天,2022/09/22 12:00 – 2022/11/19 12:00
襪！一起感受腳底繽紛世界 - JWP socks,JWP socks,6818.0,650.0,https://www.zeczec.com/projects/JWP-socks,"『時時感受好心情，日日品味好生活』是我們想傳達的目的，希望JWP可以每天給你滿滿元氣！,zeczec",34 天,2022/10/05 13:00 – 2022/12/05 13:00
《藝客崛起》國立臺灣戲曲學院客家戲學系第十三屆年度製作,國立臺灣戲曲學院 客家戲學系年度公演《藝客崛起》,0.0,200.0,https://www.zeczec.com/projects/Hakka-opera-13th,"大(tai)家(gaˊ)好(hoˋ)～ 我們是一群因熱愛表演而聚在一起的學生，也是全臺灣唯一培育「客家戲曲」表演人才的學校，希望藉由本次製作推廣客家戲曲，讓這珍貴的在地文化能被完整的保存，並被大...,zeczec",31 天,2022/10/31 22:00 – 2022/12/01 23:59
2023《燈塔》自我成長手帳本 | 身在暗處，別忘了光離你其實不遠。,壹玖玖柒,15115.0,429.0,https://www.zeczec.com/projects/lighthouse-calendar,"這座指引人生方向的燈塔，帶著你找尋最真實的自己，只有你親自嘗試與冒險，才能體會船入港後船錨落下的安穩感。,zeczec",19 天,2022/09/22 12:00 – 2022/11/20 12:00
⟨⟨社群慌原⟩⟩世新大學108級資訊傳播學系畢業專題成果展|募資計畫,社群慌原,8650.0,100.0,https://www.zeczec.com/projects/socialemo108,"社群慌原是由五名世新大學資訊傳播學系的學生所組成，希望能透過所學協助創作者將所遇見的心理危機有所化解，並期望閱聽人對於新媒體生態現況有更深的了解和省思。,zeczec",30 天,2022/07/30 23:59 – 2022/11/30 23:59
咖啡 • 香｜咖啡渣做的咖啡•香，融合『循環｜再生｜信仰｜薰香』擁有安定向上的力量！,Lu Coffee,1180.0,1466.0,https://www.zeczec.com/projects/lucoffee02,"旅•珈啡｜首創環保薰香，100%純天然原料專屬香氣，結合『環保•創新•循環』咖啡渣的循環再生，為共同所處環境盡一份力。,zeczec",15 天,2022/09/20 12:00 – 2022/11/16 02:00
2023 [ 萬more兔more ] 月曆桌曆✦好事多更多！,HAppiNess studio,3879.0,660.0,https://www.zeczec.com/projects/onemore-twomore,"新的一年，每個月跟著兔子一起「萬more兔more」讓好事多更多！一本帶給你好運的兔月曆,zeczec",35 天,2022/09/28 20:00 – 2022/12/05 23:59
B&E【三面二用】大時尚托特包- 顛覆認知，放大想像！,WA KAH-i 玩佮意,4801.0,4800.0,https://www.zeczec.com/projects/BAGANDEARTH,"B&E (BAG & EARTH) 與地球聯名，推出市場絶無僅有的創新式樣包款。,zeczec",21 天,2022/10/04 12:00 – 2022/11/21 23:59
一DAY一辱 2023 乳滑日曆,習維尼,31377.0,426.0,https://www.zeczec.com/projects/day,"《一DAY一辱 2023 乳滑日曆》用詼諧 / 調侃 / 反諷的方式，記錄中國的匪夷所思；身為傲嬌的炎黃子孫，你應該要將每一次的辱華事件銘記在心，化悲憤為力量，一起努力光耀我大中華！,zeczec",6 天,2022/09/19 21:00 – 2022/11/06 23:59
《練愛大確幸》：52週實現所有愛情願望的幸福週曆，讓你/妳每天三分鐘，邊寫邊感動大喊：「真是太幸福啦！」,Love．Luck．Lab,14040.0,520.0,https://www.zeczec.com/projects/lovelucklab,"這套實用的願望實現工具，助你/妳將注意力投入到：(一)吸引靈魂伴侶、(二)戀情增溫重燃愛火、(三)找到與發展自己的天賦熱忱等。搭配專屬社群的分享見證和交流，幫助你/妳體悟「愛情願望成真」的幸福感動。,zeczec",30 天,2022/10/03 11:00 – 2022/11/30 23:59
,,,,https://www.zeczec.com/projects/Dogeous,,,
,,,,https://www.zeczec.com/projects/shihmao,,,
,,,,https://www.zeczec.com/projects/greenjason202201,,,
,,,,https://www.zeczec.com/projects/moonlowei3370,,,
,,,,https://www.zeczec.com/projects/perfarm-x-x,,,
,,,,https://www.zeczec.com/projects/own2022,,,
,,,,https://www.zeczec.com/projects/capstone-project-documentary-SEARCHING,,,
,,,,https://www.zeczec.com/projects/hurien,,,
,,,,https://www.zeczec.com/projects/Pro7hole-DtonAltoFunFlute,,,
APA(A passion A action)流浪動物救助募資,1zz7,5000.0,2000.0,https://www.zeczec.com/projects/apac,"用個人設計的衣服以及帆布購物袋,扣除成本,全數捐贈流浪動物協會,zeczec",24 天,2022/09/21 20:00 – 2022/11/25 21:00
2023 | 米小力Minize牽手日曆 | 天天牽一起~男男×男女×女女都可以~,米小力Minize,6840.0,880.0,https://www.zeczec.com/projects/minize-2023,"沒有什麼遠大抱負，只想每天牽在一起! 想要誰牽誰的手，由你自己決定! 我們一次推出四位朋友的日曆讓你自由組合搭配， 無論是兄弟配、姊妹配、情侶配、家人配都可以，兄姊弟妹情侶混一起。,zeczec",30 天,2022/10/20 20:00 – 2022/11/30 23:59
【T-Future】健康運動跑錶｜集結三鐵馬拉松、高精準健康量測｜台灣設計製造、搭配自有品牌 APP ,TCRD 思創研新,20960.0,5490.0,https://www.zeczec.com/projects/t-future,"1.34 吋陽光可視觸控螢幕，最清晰的大螢幕體驗，內建三鐵/ 馬拉松模式，15hr 高精準GPS續航，24hr 活動偵測並提供血壓校正功能，迎向未來健康新生活的第一步,zeczec",55 天,2022/10/05 21:00 – 2022/12/25 23:59
冷凝水循環為天然高效殺菌清潔劑 | 愛地球從你家除濕機開始 | AQUALOOP淨水碇 ,翔信科技有限公司,5792.0,599.0,https://www.zeczec.com/projects/aqualoop-tablet,"首創除濕機冷凝水專用淨水錠，轉換冷凝水為SGS認證家用殺菌93.8%清潔劑，讓每一滴水都不浪費，水循環經濟從你我家裡做起,zeczec",41 天,2022/10/11 13:00 – 2022/12/12 02:00
安心環境，一燈搞定 | 智能UV殺菌燈(居家、辦公環境防疫必備),DDBuy平價商城,6380.0,2990.0,https://www.zeczec.com/projects/ddbuy_light,"疫情病毒蔓延心慌慌，智能UV殺菌燈是你的救星。 超強的殺菌能力，搭配智能偵測，不怕人體受傷害！ 快速擊敗，病毒退散；安心環境，一燈搞定！,zeczec",18 天,2022/09/29 12:00 – 2022/11/18 23:59
【GOGOLIFE倒數桌鐘】讓您感受時間分秒的流逝，珍惜此時此刻，追尋生命中真正重要的事物,GoGolife_tableclock,16740.0,688.0,https://www.zeczec.com/projects/GoGoLife_TableClock,"楊志淵醫師，GoGoLife倒數桌鐘募資發想人，因親人肝癌在鬼門關前走了一遭，楊氏夫婦二人感悟生命的脆弱與短暫，萌發珍惜分秒的想法而開發倒數桌鐘來幫助我們把握當下!,zeczec",37 天,2022/10/20 20:00 – 2022/12/07 23:59
《習慣樂戒所》戒除習慣的好幫手 I 國立臺灣師範大學表演藝術學士學位學程112級 X 表演藝術研究所史宥玲聯合畢業製作,臺師大表演藝術學程112級畢業製作,6000.0,1199.0,https://www.zeczec.com/projects/i-112-x,"我們是臺師大表藝第四屆畢業班同學，想自籌經費做一齣長達100分鐘的原創音樂劇，來探討習慣對於人的影響。節目由本班學生從零開始打造，一步步搭建起習慣樂戒所。而今來到開張之際，能邀您一同共襄盛舉嗎?,zeczec",33 天,2022/09/22 20:00 – 2022/12/03 23:59
圓缺之間-身心障礙者影展-看見,廣青文教基金會,1030.0,150.0,https://www.zeczec.com/projects/tosee,"自 2001 年起廣青基金會舉辦「圓缺之間」身心障礙者影展，每年平均吸引3,000至4,000人參與，希望透過影像傳播，讓社會大眾看見身心障礙族群多元的樣貌，進而拉近障礙者與非障礙者的距離。,zeczec",25 天,2022/09/28 12:00 – 2022/11/26 20:30
屋乎挨栽｜建造屬於自己的廟宇／街屋 3D 數位模型,田宸睿,2000.0,1800.0,https://www.zeczec.com/projects/wu-hu-ai-zai,"在遊戲與虛擬世界中常見到漂亮的建築想設計卻不會建模嗎?身為創作者常用外國的模組化建築系統，想建造臺灣風格的建築卻找不到嗎?用自動化的建築系統打造屬於自己的街屋與廟宇。,zeczec",41 天,2022/10/11 12:00 – 2022/12/11 23:59
三年煉一傘！台灣研發挑戰世界最細的晴雨傘！一把摺疊傘最理想的樣子就是【極工傘】,米塔培拉精品傘業有限公司,4752.0,938.0,https://www.zeczec.com/projects/metabrella,"關於「一把摺疊傘最理想的樣子」。透過骨架機構的迴避設計，達到收折後是世界第一細的特徵，同時保有晴雨傘最易被犧牲掉的傘面尺寸，並維持了雨傘應有的強韌程度。預期將可賦予我們的產品-極工傘真正的輕巧易...,zeczec",57 天,2022/11/01 07:00 – 2022/12/27 23:59
,,,,https://www.zeczec.com/projects/funqua,,,
,,,,https://www.zeczec.com/projects/chen-mo-wei-dian-ying-zhi-zuo,,,
